county,year,unemployment_rate,laborforce_sum,unemployment_sum
ADAIR,2000,2.692,53630,1440
ADAIR,2001,2.775,54700,1520
ADAIR,2002,3.658,53200,1960
ADAIR,2003,4.050,51580,2100
ADAIR,2004,4.158,51790,2160
ADAIR,2005,4.050,52920,2150
ADAIR,2006,3.183,53320,1710
ADAIR,2007,3.500,53070,1860
ADAIR,2008,3.958,52830,2110
ADAIR,2009,5.850,50840,2970
ADAIR,2010,5.608,49200,2780
ADAIR,2011,4.908,49390,2440
ADAIR,2012,4.350,48820,2120
ADAIR,2013,4.208,49000,2080
ADAIR,2014,4.050,49920,2010
ADAIR,2015,3.200,50810,1650
ADAIR,2016,3.033,50830,1540
ADAIR,2017,2.850,49620,1420
ADAIR,2018,2.525,49700,1250
ADAIR,2019,2.375,51150,1220
ADAIR,2020,4.025,49790,2000
ADAIR,2021,2.900,50780,1470
ADAIR,2022,2.292,50800,1190
ADAIR,2023,2.508,52010,1330
ADAIR,2024,2.633,52760,1400
ADAIR,2025,2.764,48830,1360
ADAMS,2000,3.833,28060,1090
ADAMS,2001,4.233,27520,1170
ADAMS,2002,4.733,26100,1230
ADAMS,2003,5.008,25600,1290
ADAMS,2004,5.000,25190,1270
ADAMS,2005,5.267,23990,1270
ADAMS,2006,4.558,24770,1130
ADAMS,2007,4.167,25330,1060
ADAMS,2008,4.150,25490,1050
ADAMS,2009,6.183,25860,1610
ADAMS,2010,4.875,26840,1320
ADAMS,2011,4.475,26640,1190
ADAMS,2012,3.933,26340,1040
ADAMS,2013,3.675,25890,960
ADAMS,2014,3.350,26600,890
ADAMS,2015,2.775,27550,780
ADAMS,2016,3.075,23110,730
ADAMS,2017,2.758,22130,630
ADAMS,2018,2.333,21980,520
ADAMS,2019,2.017,22570,450
ADAMS,2020,4.442,21050,940
ADAMS,2021,3.183,20910,700
ADAMS,2022,2.417,21360,530
ADAMS,2023,2.708,21090,590
ADAMS,2024,2.492,20960,530
ADAMS,2025,2.691,19500,530
ALLAMAKEE,2000,3.433,95670,3270
ALLAMAKEE,2001,4.008,101530,4080
ALLAMAKEE,2002,4.583,100450,4630
ALLAMAKEE,2003,5.508,97040,5350
ALLAMAKEE,2004,5.908,95500,5650
ALLAMAKEE,2005,5.283,96160,5080
ALLAMAKEE,2006,4.575,98410,4510
ALLAMAKEE,2007,4.800,98440,4710
ALLAMAKEE,2008,6.342,95130,6000
ALLAMAKEE,2009,10.317,90710,9370
ALLAMAKEE,2010,7.942,94930,7530
ALLAMAKEE,2011,7.233,93430,6780
ALLAMAKEE,2012,6.417,91570,5880
ALLAMAKEE,2013,6.325,92070,5820
ALLAMAKEE,2014,5.667,92660,5250
ALLAMAKEE,2015,4.833,92550,4480
ALLAMAKEE,2016,4.758,96900,4640
ALLAMAKEE,2017,3.817,94650,3630
ALLAMAKEE,2018,3.025,93430,2810
ALLAMAKEE,2019,3.292,93620,3100
ALLAMAKEE,2020,4.817,88230,4260
ALLAMAKEE,2021,4.017,88310,3560
ALLAMAKEE,2022,3.725,89050,3330
ALLAMAKEE,2023,3.925,90100,3560
ALLAMAKEE,2024,3.808,89960,3440
ALLAMAKEE,2025,4.345,83230,3610
APPANOOSE,2000,4.400,76260,3390
APPANOOSE,2001,5.200,77810,4040
APPANOOSE,2002,5.275,78240,4120
APPANOOSE,2003,5.392,78160,4210
APPANOOSE,2004,5.467,77680,4260
APPANOOSE,2005,5.250,77840,4090
APPANOOSE,2006,5.392,76400,4130
APPANOOSE,2007,6.858,71870,4940
APPANOOSE,2008,5.408,72740,3930
APPANOOSE,2009,8.767,74950,6560
APPANOOSE,2010,7.400,74370,5500
APPANOOSE,2011,6.983,73010,5120
APPANOOSE,2012,6.508,72210,4690
APPANOOSE,2013,6.383,71340,4540
APPANOOSE,2014,5.767,73990,4250
APPANOOSE,2015,4.858,74820,3620
APPANOOSE,2016,5.400,63730,3440
APPANOOSE,2017,4.283,62270,2680
APPANOOSE,2018,3.842,61010,2360
APPANOOSE,2019,3.958,62010,2450
APPANOOSE,2020,5.950,60570,3660
APPANOOSE,2021,4.467,61280,2740
APPANOOSE,2022,3.433,61210,2110
APPANOOSE,2023,3.683,61760,2300
APPANOOSE,2024,3.700,62190,2310
APPANOOSE,2025,4.091,57260,2350
AUDUBON,2000,2.950,41080,1210
AUDUBON,2001,3.242,42460,1380
AUDUBON,2002,3.867,40560,1580
AUDUBON,2003,3.983,39460,1580
AUDUBON,2004,4.150,40270,1670
AUDUBON,2005,4.617,40350,1860
AUDUBON,2006,3.983,39490,1560
AUDUBON,2007,3.933,39520,1560
AUDUBON,2008,4.425,38980,1730
AUDUBON,2009,5.917,39470,2330
AUDUBON,2010,5.650,41700,2350
AUDUBON,2011,5.792,40580,2350
AUDUBON,2012,4.758,38790,1860
AUDUBON,2013,4.883,38950,1910
AUDUBON,2014,4.350,39190,1690
AUDUBON,2015,3.933,38930,1540
AUDUBON,2016,3.250,39760,1300
AUDUBON,2017,3.050,38290,1190
AUDUBON,2018,2.500,37730,930
AUDUBON,2019,2.408,38170,920
AUDUBON,2020,3.367,36380,1220
AUDUBON,2021,2.892,36950,1080
AUDUBON,2022,2.317,37300,880
AUDUBON,2023,2.225,38560,870
AUDUBON,2024,2.225,38760,880
AUDUBON,2025,2.845,36070,1030
BENTON,2000,2.300,164600,3900
BENTON,2001,3.108,167400,5200
BENTON,2002,4.300,172500,7500
BENTON,2003,4.733,169500,8000
BENTON,2004,4.558,170000,7900
BENTON,2005,4.758,173700,8400
BENTON,2006,3.950,175200,7000
BENTON,2007,3.900,172000,6900
BENTON,2008,4.100,174100,7100
BENTON,2009,6.375,176800,11300
BENTON,2010,6.258,171800,10700
BENTON,2011,5.858,170300,9900
BENTON,2012,5.283,166100,8600
BENTON,2013,5.075,165100,8300
BENTON,2014,4.625,166900,7600
BENTON,2015,3.875,165700,6400
BENTON,2016,3.400,172000,5700
BENTON,2017,3.050,169300,5100
BENTON,2018,2.600,169400,4400
BENTON,2019,2.700,172100,4700
BENTON,2020,4.683,161600,7600
BENTON,2021,3.800,164600,6300
BENTON,2022,2.875,167100,4700
BENTON,2023,3.067,166600,5200
BENTON,2024,2.983,164200,4900
BENTON,2025,3.436,152100,5200
BLACK HAWK,2000,2.792,824100,23200
BLACK HAWK,2001,3.450,831300,28600
BLACK HAWK,2002,4.008,857800,34500
BLACK HAWK,2003,4.567,854200,39000
BLACK HAWK,2004,4.550,850600,38700
BLACK HAWK,2005,4.383,859900,37600
BLACK HAWK,2006,3.842,868700,33300
BLACK HAWK,2007,3.750,876700,33000
BLACK HAWK,2008,4.042,890100,35900
BLACK HAWK,2009,6.183,899700,55400
BLACK HAWK,2010,6.250,850900,53200
BLACK HAWK,2011,5.908,855200,50500
BLACK HAWK,2012,5.417,858800,46500
BLACK HAWK,2013,5.100,863300,44200
BLACK HAWK,2014,4.933,867800,42800
BLACK HAWK,2015,4.542,847700,38500
BLACK HAWK,2016,4.500,856100,38600
BLACK HAWK,2017,3.617,842900,30600
BLACK HAWK,2018,2.750,851100,23400
BLACK HAWK,2019,3.000,864600,26200
BLACK HAWK,2020,5.867,826900,48600
BLACK HAWK,2021,4.058,824600,33500
BLACK HAWK,2022,2.917,827200,24300
BLACK HAWK,2023,3.092,824100,25200
BLACK HAWK,2024,3.650,818400,30000
BLACK HAWK,2025,4.264,758500,32200
BOONE,2000,2.158,175500,3800
BOONE,2001,2.783,179100,5100
BOONE,2002,3.208,181500,5800
BOONE,2003,3.508,180900,6300
BOONE,2004,3.508,180500,6400
BOONE,2005,3.508,184800,6500
BOONE,2006,2.908,187000,5400
BOONE,2007,3.283,186900,6200
BOONE,2008,3.533,189200,6700
BOONE,2009,6.000,189800,11300
BOONE,2010,5.775,177700,10200
BOONE,2011,4.983,176700,8800
BOONE,2012,4.308,175600,7600
BOONE,2013,4.067,179100,7200
BOONE,2014,3.417,182700,6400
BOONE,2015,3.008,184100,5500
BOONE,2016,2.892,177900,5400
BOONE,2017,2.483,177300,4400
BOONE,2018,2.208,178700,3900
BOONE,2019,2.375,179300,4200
BOONE,2020,4.150,170500,7000
BOONE,2021,3.300,171900,5600
BOONE,2022,2.383,176300,4300
BOONE,2023,2.492,177700,4400
BOONE,2024,2.608,178600,4700
BOONE,2025,3.091,167000,5100
BREMER,2000,2.458,154000,3900
BREMER,2001,3.117,156600,4800
BREMER,2002,3.375,161300,5300
BREMER,2003,3.858,162000,6300
BREMER,2004,3.792,162400,6300
BREMER,2005,3.708,165100,6100
BREMER,2006,3.200,167800,5400
BREMER,2007,3.117,166900,5300
BREMER,2008,3.500,168100,5700
BREMER,2009,5.483,166700,9200
BREMER,2010,4.958,166200,8200
BREMER,2011,4.408,166900,7400
BREMER,2012,3.825,167200,6400
BREMER,2013,3.783,168500,6500
BREMER,2014,3.692,170400,6200
BREMER,2015,3.508,168200,5700
BREMER,2016,3.742,160100,6100
BREMER,2017,2.908,158000,4700
BREMER,2018,2.150,160300,3600
BREMER,2019,2.325,163500,3800
BREMER,2020,4.042,155700,6200
BREMER,2021,3.075,158100,4800
BREMER,2022,2.467,160600,3900
BREMER,2023,2.567,160300,4300
BREMER,2024,2.842,159400,4600
BREMER,2025,3.318,147800,5100
BUCHANAN,2000,2.833,128310,3640
BUCHANAN,2001,3.925,129930,5100
BUCHANAN,2002,4.542,130200,5900
BUCHANAN,2003,4.517,130800,5900
BUCHANAN,2004,4.550,130860,5950
BUCHANAN,2005,4.617,134280,6180
BUCHANAN,2006,4.225,135480,5760
BUCHANAN,2007,4.208,133050,5590
BUCHANAN,2008,4.025,134940,5420
BUCHANAN,2009,6.700,134760,9020
BUCHANAN,2010,6.050,136060,8240
BUCHANAN,2011,5.692,134660,7710
BUCHANAN,2012,4.792,132960,6360
BUCHANAN,2013,4.725,134370,6370
BUCHANAN,2014,4.683,137880,6460
BUCHANAN,2015,4.225,136080,5750
BUCHANAN,2016,4.208,133530,5630
BUCHANAN,2017,3.250,131510,4260
BUCHANAN,2018,2.658,133110,3520
BUCHANAN,2019,2.717,135120,3680
BUCHANAN,2020,4.608,130300,6020
BUCHANAN,2021,3.458,131410,4560
BUCHANAN,2022,2.925,131810,3840
BUCHANAN,2023,2.950,131760,3880
BUCHANAN,2024,3.242,131970,4290
BUCHANAN,2025,3.618,123300,4460
BUENA VISTA,2000,2.375,123440,2940
BUENA VISTA,2001,2.658,127470,3400
BUENA VISTA,2002,3.217,127350,4110
BUENA VISTA,2003,3.608,124990,4500
BUENA VISTA,2004,3.950,124300,4900
BUENA VISTA,2005,3.875,123650,4760
BUENA VISTA,2006,3.275,126430,4130
BUENA VISTA,2007,3.167,125280,4000
BUENA VISTA,2008,3.533,128350,4560
BUENA VISTA,2009,5.325,129260,6870
BUENA VISTA,2010,4.783,136920,6570
BUENA VISTA,2011,4.558,136730,6240
BUENA VISTA,2012,4.142,135380,5610
BUENA VISTA,2013,3.958,136090,5380
BUENA VISTA,2014,3.992,138060,5520
BUENA VISTA,2015,3.617,139320,5070
BUENA VISTA,2016,3.675,131830,4840
BUENA VISTA,2017,2.725,132420,3600
BUENA VISTA,2018,2.242,133070,2990
BUENA VISTA,2019,2.158,135750,2930
BUENA VISTA,2020,3.783,133240,4990
BUENA VISTA,2021,3.083,132320,4070
BUENA VISTA,2022,2.533,136170,3460
BUENA VISTA,2023,2.492,137950,3420
BUENA VISTA,2024,2.617,134110,3490
BUENA VISTA,2025,2.964,124710,3700
BUTLER,2000,3.233,96120,3120
BUTLER,2001,4.408,99090,4350
BUTLER,2002,4.558,98850,4530
BUTLER,2003,5.017,97430,4890
BUTLER,2004,4.600,97250,4490
BUTLER,2005,4.833,97480,4720
BUTLER,2006,4.083,99350,4050
BUTLER,2007,4.025,99610,4000
BUTLER,2008,4.567,102620,4670
BUTLER,2009,6.642,102010,6810
BUTLER,2010,6.142,98310,6030
BUTLER,2011,5.075,98550,5010
BUTLER,2012,4.492,99040,4460
BUTLER,2013,4.533,99430,4490
BUTLER,2014,4.242,100750,4280
BUTLER,2015,4.342,99580,4350
BUTLER,2016,4.633,89390,4130
BUTLER,2017,3.800,87440,3310
BUTLER,2018,2.967,87560,2590
BUTLER,2019,3.308,88720,2910
BUTLER,2020,4.833,85270,4130
BUTLER,2021,3.625,87570,3180
BUTLER,2022,3.050,91010,2780
BUTLER,2023,3.258,90500,2960
BUTLER,2024,3.333,88960,3000
BUTLER,2025,4.036,82460,3340
CALHOUN,2000,2.808,64270,1820
CALHOUN,2001,3.308,63930,2110
CALHOUN,2002,3.625,63000,2290
CALHOUN,2003,4.208,61590,2590
CALHOUN,2004,4.225,61570,2590
CALHOUN,2005,4.033,61960,2490
CALHOUN,2006,3.358,63370,2140
CALHOUN,2007,3.267,62920,2070
CALHOUN,2008,3.433,63800,2190
CALHOUN,2009,5.217,63240,3300
CALHOUN,2010,6.092,55810,3410
CALHOUN,2011,5.750,54380,3130
CALHOUN,2012,5.483,53390,2910
CALHOUN,2013,5.183,52490,2720
CALHOUN,2014,4.858,53180,2580
CALHOUN,2015,4.283,53590,2310
CALHOUN,2016,3.442,57640,1990
CALHOUN,2017,2.767,54800,1500
CALHOUN,2018,2.308,55150,1270
CALHOUN,2019,2.242,54980,1240
CALHOUN,2020,3.667,51930,1900
CALHOUN,2021,3.333,52110,1750
CALHOUN,2022,2.408,52800,1270
CALHOUN,2023,2.467,52730,1290
CALHOUN,2024,2.567,53440,1380
CALHOUN,2025,3.209,50220,1610
CARROLL,2000,2.258,143730,3260
CARROLL,2001,2.550,147700,3780
CARROLL,2002,2.925,146910,4310
CARROLL,2003,2.842,147240,4180
CARROLL,2004,2.925,147820,4320
CARROLL,2005,3.017,147540,4460
CARROLL,2006,2.600,149460,3890
CARROLL,2007,2.642,147610,3890
CARROLL,2008,2.808,149110,4200
CARROLL,2009,4.267,148540,6350
CARROLL,2010,4.367,140380,6140
CARROLL,2011,4.075,140020,5720
CARROLL,2012,3.733,136690,5090
CARROLL,2013,3.358,135640,4550
CARROLL,2014,3.167,135010,4310
CARROLL,2015,2.608,135980,3540
CARROLL,2016,2.492,141560,3500
CARROLL,2017,2.217,138340,3050
CARROLL,2018,1.867,136350,2560
CARROLL,2019,1.842,138310,2560
CARROLL,2020,3.767,131220,4960
CARROLL,2021,2.750,132000,3630
CARROLL,2022,2.000,133380,2690
CARROLL,2023,2.250,131830,2990
CARROLL,2024,2.117,131610,2780
CARROLL,2025,2.545,122030,3140
CASS,2000,3.617,94810,3450
CASS,2001,3.967,94760,3760
CASS,2002,4.542,92440,4200
CASS,2003,5.033,90550,4560
CASS,2004,4.842,89480,4330
CASS,2005,4.658,91730,4270
CASS,2006,4.233,92010,3890
CASS,2007,4.158,91710,3800
CASS,2008,4.542,91810,4170
CASS,2009,6.833,92040,6300
CASS,2010,6.350,88820,5630
CASS,2011,5.992,87890,5290
CASS,2012,5.150,86710,4470
CASS,2013,5.067,87740,4440
CASS,2014,4.350,88780,3860
CASS,2015,3.592,89690,3250
CASS,2016,3.325,87620,2950
CASS,2017,3.708,85590,3170
CASS,2018,2.792,85210,2380
CASS,2019,2.867,82980,2370
CASS,2020,4.033,79870,3240
CASS,2021,3.525,80160,2840
CASS,2022,2.692,80860,2210
CASS,2023,2.750,82630,2260
CASS,2024,2.733,81890,2230
CASS,2025,3.282,75920,2470
CEDAR,2000,2.275,124720,2850
CEDAR,2001,2.825,128150,3620
CEDAR,2002,3.567,126960,4520
CEDAR,2003,3.767,125210,4720
CEDAR,2004,4.025,124770,5000
CEDAR,2005,3.792,127250,4830
CEDAR,2006,3.225,129770,4180
CEDAR,2007,3.250,131470,4290
CEDAR,2008,3.608,136740,4930
CEDAR,2009,5.642,137420,7760
CEDAR,2010,5.442,131720,7180
CEDAR,2011,5.208,131150,6840
CEDAR,2012,4.533,128560,5820
CEDAR,2013,4.300,130120,5610
CEDAR,2014,3.867,131390,5100
CEDAR,2015,3.408,132150,4520
CEDAR,2016,3.492,123870,4330
CEDAR,2017,3.050,122880,3760
CEDAR,2018,2.625,123150,3230
CEDAR,2019,2.533,124150,3130
CEDAR,2020,4.517,117470,5300
CEDAR,2021,3.608,117510,4250
CEDAR,2022,2.867,118670,3400
CEDAR,2023,3.042,119470,3630
CEDAR,2024,2.975,120670,3600
CEDAR,2025,3.391,112490,3810
CERRO GORDO,2000,2.917,303190,8870
CERRO GORDO,2001,3.450,300480,10400
CERRO GORDO,2002,4.142,306630,12710
CERRO GORDO,2003,4.250,306840,13040
CERRO GORDO,2004,4.383,308880,13570
CERRO GORDO,2005,4.408,314010,13830
CERRO GORDO,2006,3.908,314350,12250
CERRO GORDO,2007,3.925,309340,12140
CERRO GORDO,2008,4.708,310360,14590
CERRO GORDO,2009,7.025,306700,21510
CERRO GORDO,2010,6.917,294440,20370
CERRO GORDO,2011,6.175,291380,18030
CERRO GORDO,2012,5.550,286000,15870
CERRO GORDO,2013,5.392,280790,15160
CERRO GORDO,2014,4.658,279380,13040
CERRO GORDO,2015,3.925,276740,10860
CERRO GORDO,2016,3.608,279430,10080
CERRO GORDO,2017,3.092,279770,8600
CERRO GORDO,2018,2.683,281170,7570
CERRO GORDO,2019,2.692,285230,7680
CERRO GORDO,2020,5.167,275280,14210
CERRO GORDO,2021,3.975,268770,10700
CERRO GORDO,2022,2.900,265120,7730
CERRO GORDO,2023,3.083,264790,8180
CERRO GORDO,2024,2.933,266420,7800
CERRO GORDO,2025,3.482,248850,8660
CHEROKEE,2000,2.358,83690,1970
CHEROKEE,2001,2.967,86680,2580
CHEROKEE,2002,4.100,83300,3410
CHEROKEE,2003,4.167,80790,3360
CHEROKEE,2004,4.383,78880,3460
CHEROKEE,2005,4.717,79060,3740
CHEROKEE,2006,4.142,78930,3270
CHEROKEE,2007,3.642,79900,2900
CHEROKEE,2008,3.467,78410,2720
CHEROKEE,2009,4.633,79340,3680
CHEROKEE,2010,4.550,84950,3890
CHEROKEE,2011,4.792,83640,4000
CHEROKEE,2012,4.300,82690,3580
CHEROKEE,2013,4.292,82330,3530
CHEROKEE,2014,5.108,79750,4080
CHEROKEE,2015,5.117,76260,3910
CHEROKEE,2016,3.442,79740,2760
CHEROKEE,2017,2.408,76510,1840
CHEROKEE,2018,2.092,76110,1580
CHEROKEE,2019,2.342,78610,1840
CHEROKEE,2020,3.533,77940,2740
CHEROKEE,2021,2.950,77230,2280
CHEROKEE,2022,2.267,76850,1760
CHEROKEE,2023,2.325,77500,1820
CHEROKEE,2024,2.267,77480,1770
CHEROKEE,2025,2.782,70760,1960
CHICKASAW,2000,6.383,82690,5310
CHICKASAW,2001,6.250,80610,5050
CHICKASAW,2002,5.425,77720,4210
CHICKASAW,2003,6.067,75520,4580
CHICKASAW,2004,5.950,73510,4370
CHICKASAW,2005,5.317,74990,3980
CHICKASAW,2006,4.500,77720,3490
CHICKASAW,2007,4.175,78800,3310
CHICKASAW,2008,4.825,83180,4040
CHICKASAW,2009,8.950,83550,7520
CHICKASAW,2010,7.550,78640,5950
CHICKASAW,2011,6.333,78290,4960
CHICKASAW,2012,5.175,75900,3930
CHICKASAW,2013,4.983,76600,3810
CHICKASAW,2014,4.775,77920,3720
CHICKASAW,2015,4.475,77670,3470
CHICKASAW,2016,4.025,84300,3410
CHICKASAW,2017,2.908,83200,2410
CHICKASAW,2018,2.525,84100,2120
CHICKASAW,2019,2.567,85130,2160
CHICKASAW,2020,4.217,81030,3420
CHICKASAW,2021,3.042,82370,2500
CHICKASAW,2022,2.408,84030,2020
CHICKASAW,2023,2.325,85100,1970
CHICKASAW,2024,2.575,85070,2190
CHICKASAW,2025,2.982,78770,2370
CLARKE,2000,3.167,58620,1850
CLARKE,2001,4.067,59850,2420
CLARKE,2002,5.317,60030,3190
CLARKE,2003,8.042,58490,4720
CLARKE,2004,6.350,56310,3600
CLARKE,2005,5.208,55840,2920
CLARKE,2006,4.075,57090,2350
CLARKE,2007,4.158,58210,2440
CLARKE,2008,4.542,59240,2680
CLARKE,2009,7.700,59260,4570
CLARKE,2010,7.758,57370,4450
CLARKE,2011,7.083,56530,4000
CLARKE,2012,5.983,55610,3320
CLARKE,2013,5.483,55180,3050
CLARKE,2014,4.500,56270,2520
CLARKE,2015,4.067,57350,2350
CLARKE,2016,3.383,57580,1940
CLARKE,2017,3.092,57040,1790
CLARKE,2018,2.883,57740,1680
CLARKE,2019,2.817,58800,1660
CLARKE,2020,5.275,56560,2970
CLARKE,2021,3.925,58320,2300
CLARKE,2022,3.033,58810,1800
CLARKE,2023,2.875,59750,1720
CLARKE,2024,2.783,60350,1710
CLARKE,2025,3.209,57600,1860
CLAY,2000,2.475,119690,2950
CLAY,2001,3.125,117350,3700
CLAY,2002,3.817,117070,4490
CLAY,2003,4.167,117290,4890
CLAY,2004,3.958,114840,4570
CLAY,2005,4.008,114120,4570
CLAY,2006,3.300,117410,3890
CLAY,2007,3.150,117660,3680
CLAY,2008,3.367,117470,3960
CLAY,2009,6.883,115010,7940
CLAY,2010,5.942,112050,6630
CLAY,2011,5.492,111590,6140
CLAY,2012,5.025,107130,5400
CLAY,2013,4.500,106070,4790
CLAY,2014,4.192,107560,4520
CLAY,2015,3.592,106460,3830
CLAY,2016,3.750,108610,4070
CLAY,2017,3.600,106450,3840
CLAY,2018,3.208,106400,3410
CLAY,2019,2.642,106300,2800
CLAY,2020,4.300,103140,4440
CLAY,2021,3.300,104910,3470
CLAY,2022,2.725,105510,2880
CLAY,2023,2.800,106280,2980
CLAY,2024,3.217,105590,3400
CLAY,2025,3.318,97180,3240
CLAYTON,2000,3.442,122960,4230
CLAYTON,2001,4.650,124910,5830
CLAYTON,2002,5.675,118900,6780
CLAYTON,2003,6.108,115090,7020
CLAYTON,2004,6.833,114300,7800
CLAYTON,2005,6.567,114210,7510
CLAYTON,2006,5.025,116550,5840
CLAYTON,2007,4.825,117500,5670
CLAYTON,2008,5.400,120340,6480
CLAYTON,2009,8.675,119960,10410
CLAYTON,2010,7.208,125730,9080
CLAYTON,2011,6.225,124710,7760
CLAYTON,2012,5.667,122580,6940
CLAYTON,2013,5.658,121240,6830
CLAYTON,2014,5.042,122540,6130
CLAYTON,2015,4.117,123780,5100
CLAYTON,2016,4.467,118380,5270
CLAYTON,2017,4.150,116550,4820
CLAYTON,2018,3.408,116230,3960
CLAYTON,2019,3.717,116290,4320
CLAYTON,2020,5.875,109360,6450
CLAYTON,2021,4.900,109090,5350
CLAYTON,2022,4.108,108060,4470
CLAYTON,2023,3.867,108200,4210
CLAYTON,2024,3.767,108410,4070
CLAYTON,2025,4.327,100980,4370
CLINTON,2000,3.442,313920,10810
CLINTON,2001,4.458,317060,14160
CLINTON,2002,5.350,321570,17180
CLINTON,2003,5.417,315010,17080
CLINTON,2004,5.225,315660,16500
CLINTON,2005,4.783,322580,15440
CLINTON,2006,3.925,326890,12790
CLINTON,2007,3.742,331000,12410
CLINTON,2008,4.150,339360,14130
CLINTON,2009,7.342,338700,24890
CLINTON,2010,7.125,317220,22620
CLINTON,2011,6.692,311870,20890
CLINTON,2012,6.125,302620,18540
CLINTON,2013,5.758,299930,17260
CLINTON,2014,5.267,298090,15700
CLINTON,2015,4.983,293840,14600
CLINTON,2016,4.867,287400,14020
CLINTON,2017,4.017,279220,11210
CLINTON,2018,3.283,274460,9010
CLINTON,2019,3.650,277190,10090
CLINTON,2020,6.625,263580,17410
CLINTON,2021,4.858,262870,12770
CLINTON,2022,3.567,264950,9450
CLINTON,2023,3.683,262600,9670
CLINTON,2024,3.892,260770,10150
CLINTON,2025,4.682,241840,11300
CRAWFORD,2000,2.525,107110,2660
CRAWFORD,2001,3.108,107960,3360
CRAWFORD,2002,3.850,106940,4140
CRAWFORD,2003,3.842,105380,4050
CRAWFORD,2004,3.675,107950,3970
CRAWFORD,2005,3.875,110290,4280
CRAWFORD,2006,3.050,112630,3420
CRAWFORD,2007,3.317,112210,3740
CRAWFORD,2008,3.258,113410,3700
CRAWFORD,2009,4.675,114630,5370
CRAWFORD,2010,4.758,107670,5130
CRAWFORD,2011,4.800,106350,5100
CRAWFORD,2012,4.450,105600,4690
CRAWFORD,2013,4.367,105540,4610
CRAWFORD,2014,4.100,105020,4300
CRAWFORD,2015,4.175,105230,4370
CRAWFORD,2016,5.008,108130,5430
CRAWFORD,2017,3.750,105430,3950
CRAWFORD,2018,3.167,104860,3330
CRAWFORD,2019,3.142,104940,3300
CRAWFORD,2020,4.742,100630,4770
CRAWFORD,2021,4.350,98770,4310
CRAWFORD,2022,3.808,98380,3790
CRAWFORD,2023,4.325,98920,4270
CRAWFORD,2024,4.150,100400,4150
CRAWFORD,2025,4.682,93290,4360
DALLAS,2000,1.933,282900,5400
DALLAS,2001,2.358,294900,7000
DALLAS,2002,2.933,311600,9100
DALLAS,2003,3.300,318800,10300
DALLAS,2004,3.417,336800,11500
DALLAS,2005,3.400,354100,12200
DALLAS,2006,2.817,375500,10800
DALLAS,2007,2.875,392500,11400
DALLAS,2008,3.208,410000,13200
DALLAS,2009,5.000,419600,20900
DALLAS,2010,4.608,447000,20600
DALLAS,2011,4.317,460800,19800
DALLAS,2012,3.892,472200,18400
DALLAS,2013,3.600,492300,17800
DALLAS,2014,3.292,513600,17000
DALLAS,2015,2.842,525200,14800
DALLAS,2016,2.475,591700,14600
DALLAS,2017,1.975,609300,12200
DALLAS,2018,1.650,635000,10400
DALLAS,2019,1.775,670800,11800
DALLAS,2020,3.258,655900,21200
DALLAS,2021,2.483,689300,17100
DALLAS,2022,1.967,731400,14400
DALLAS,2023,2.233,763600,17200
DALLAS,2024,2.633,774000,20500
DALLAS,2025,3.227,718800,23000
DAVIS,2000,3.300,50040,1640
DAVIS,2001,4.075,52010,2120
DAVIS,2002,4.850,51430,2520
DAVIS,2003,4.875,50920,2490
DAVIS,2004,4.925,50280,2470
DAVIS,2005,5.383,49610,2670
DAVIS,2006,4.675,49830,2340
DAVIS,2007,4.550,49250,2240
DAVIS,2008,4.942,49120,2430
DAVIS,2009,9.250,48660,4510
DAVIS,2010,7.267,51030,3720
DAVIS,2011,6.183,50510,3140
DAVIS,2012,5.725,49340,2820
DAVIS,2013,5.492,49620,2740
DAVIS,2014,5.133,49440,2560
DAVIS,2015,4.425,50230,2240
DAVIS,2016,4.125,55270,2280
DAVIS,2017,3.242,54530,1770
DAVIS,2018,2.675,53740,1440
DAVIS,2019,2.667,53950,1440
DAVIS,2020,3.858,51820,2010
DAVIS,2021,2.983,52760,1590
DAVIS,2022,2.458,54020,1320
DAVIS,2023,2.392,54750,1330
DAVIS,2024,2.650,54550,1440
DAVIS,2025,3.364,50050,1680
DECATUR,2000,3.358,51340,1750
DECATUR,2001,3.408,53470,1840
DECATUR,2002,4.358,52370,2290
DECATUR,2003,5.783,51490,2960
DECATUR,2004,5.200,50080,2600
DECATUR,2005,4.925,50410,2470
DECATUR,2006,4.042,50920,2040
DECATUR,2007,4.075,50610,2050
DECATUR,2008,3.775,51590,1950
DECATUR,2009,6.808,50450,3440
DECATUR,2010,6.142,53520,3280
DECATUR,2011,5.050,52390,2650
DECATUR,2012,4.417,51170,2270
DECATUR,2013,4.492,51720,2330
DECATUR,2014,3.808,53390,2050
DECATUR,2015,3.258,53270,1720
DECATUR,2016,3.608,45780,1650
DECATUR,2017,2.958,44430,1330
DECATUR,2018,2.592,45130,1170
DECATUR,2019,2.425,45620,1100
DECATUR,2020,4.342,43360,1860
DECATUR,2021,3.533,44340,1550
DECATUR,2022,2.817,45250,1300
DECATUR,2023,2.825,44100,1260
DECATUR,2024,2.900,42790,1250
DECATUR,2025,3.345,39340,1320
DELAWARE,2000,2.858,122230,3480
DELAWARE,2001,3.592,127650,4620
DELAWARE,2002,4.983,123980,6220
DELAWARE,2003,4.967,119300,5950
DELAWARE,2004,4.725,120090,5670
DELAWARE,2005,4.450,125590,5570
DELAWARE,2006,3.658,129090,4740
DELAWARE,2007,3.575,129890,4620
DELAWARE,2008,3.892,130900,5090
DELAWARE,2009,6.792,130560,8870
DELAWARE,2010,6.142,124200,7610
DELAWARE,2011,5.517,123660,6840
DELAWARE,2012,4.458,123690,5500
DELAWARE,2013,4.300,125000,5370
DELAWARE,2014,3.817,126580,4800
DELAWARE,2015,3.350,128520,4320
DELAWARE,2016,3.633,124570,4530
DELAWARE,2017,2.792,121510,3370
DELAWARE,2018,2.225,120920,2700
DELAWARE,2019,2.408,122990,2980
DELAWARE,2020,4.117,119540,4920
DELAWARE,2021,3.225,119870,3870
DELAWARE,2022,2.533,120650,3060
DELAWARE,2023,2.792,120360,3370
DELAWARE,2024,2.792,121890,3420
DELAWARE,2025,3.327,112710,3770
DES MOINES,2000,3.525,268000,9440
DES MOINES,2001,5.008,266090,13360
DES MOINES,2002,5.992,262970,15740
DES MOINES,2003,6.633,256310,17050
DES MOINES,2004,5.883,247740,14590
DES MOINES,2005,5.483,250880,13730
DES MOINES,2006,4.733,253430,11970
DES MOINES,2007,4.442,254090,11300
DES MOINES,2008,5.733,251940,14470
DES MOINES,2009,8.150,254270,20680
DES MOINES,2010,7.550,242420,18320
DES MOINES,2011,6.808,244900,16690
DES MOINES,2012,6.133,242270,14830
DES MOINES,2013,6.025,246650,14910
DES MOINES,2014,5.025,250630,12630
DES MOINES,2015,4.692,246770,11570
DES MOINES,2016,4.767,250820,11970
DES MOINES,2017,4.075,245110,10010
DES MOINES,2018,3.250,243210,7900
DES MOINES,2019,3.758,242490,9100
DES MOINES,2020,7.158,229580,16420
DES MOINES,2021,5.650,227830,12890
DES MOINES,2022,4.192,226720,9520
DES MOINES,2023,4.033,221690,8910
DES MOINES,2024,3.883,220800,8560
DES MOINES,2025,4.427,206040,9080
DICKINSON,2000,2.783,113590,3150
DICKINSON,2001,3.358,113880,3770
DICKINSON,2002,3.783,117470,4390
DICKINSON,2003,4.650,118390,5500
DICKINSON,2004,4.075,120950,4850
DICKINSON,2005,4.400,122240,5300
DICKINSON,2006,4.117,120030,4880
DICKINSON,2007,3.975,117510,4610
DICKINSON,2008,4.383,117010,5070
DICKINSON,2009,7.283,112610,8120
DICKINSON,2010,6.958,111460,7660
DICKINSON,2011,6.417,111650,7110
DICKINSON,2012,5.675,110670,6220
DICKINSON,2013,5.392,112350,5970
DICKINSON,2014,4.767,116800,5480
DICKINSON,2015,3.900,122800,4750
DICKINSON,2016,4.542,117740,5310
DICKINSON,2017,3.883,115290,4420
DICKINSON,2018,3.433,112750,3850
DICKINSON,2019,2.983,115630,3420
DICKINSON,2020,5.225,110870,5820
DICKINSON,2021,3.817,115510,4360
DICKINSON,2022,3.042,121820,3700
DICKINSON,2023,3.050,120820,3680
DICKINSON,2024,3.092,118400,3640
DICKINSON,2025,3.445,108760,3750
DUBUQUE,2000,3.258,582700,19100
DUBUQUE,2001,4.167,575800,24000
DUBUQUE,2002,4.033,584200,23500
DUBUQUE,2003,4.292,587700,25100
DUBUQUE,2004,4.358,591400,25800
DUBUQUE,2005,4.375,610800,26600
DUBUQUE,2006,3.658,624500,22800
DUBUQUE,2007,3.992,627600,25100
DUBUQUE,2008,4.308,630000,27200
DUBUQUE,2009,6.692,634800,42400
DUBUQUE,2010,5.858,649900,38100
DUBUQUE,2011,5.108,655700,33500
DUBUQUE,2012,4.500,658700,29600
DUBUQUE,2013,4.550,662500,30100
DUBUQUE,2014,4.150,668100,27900
DUBUQUE,2015,3.642,670300,24300
DUBUQUE,2016,3.667,637500,23500
DUBUQUE,2017,3.075,634100,19600
DUBUQUE,2018,2.550,645200,16400
DUBUQUE,2019,2.683,656400,17600
DUBUQUE,2020,5.958,635800,37900
DUBUQUE,2021,4.183,636100,26700
DUBUQUE,2022,3.050,646800,19700
DUBUQUE,2023,2.992,645000,19300
DUBUQUE,2024,3.267,642000,21100
DUBUQUE,2025,3.627,595100,21500
EMMET,2000,2.908,72310,2110
EMMET,2001,3.850,68870,2660
EMMET,2002,4.508,72790,3280
EMMET,2003,5.308,72090,3850
EMMET,2004,4.475,70420,3140
EMMET,2005,4.458,71490,3190
EMMET,2006,4.033,72690,2940
EMMET,2007,3.700,71500,2650
EMMET,2008,3.908,71730,2800
EMMET,2009,8.375,70470,5920
EMMET,2010,7.150,70400,5040
EMMET,2011,5.667,69810,3950
EMMET,2012,4.433,68900,3060
EMMET,2013,4.075,68400,2810
EMMET,2014,3.975,68970,2770
EMMET,2015,3.700,68130,2520
EMMET,2016,4.483,63850,2870
EMMET,2017,3.342,61580,2080
EMMET,2018,2.950,60860,1800
EMMET,2019,2.667,60230,1610
EMMET,2020,5.133,56760,2930
EMMET,2021,4.050,54880,2210
EMMET,2022,3.267,53890,1750
EMMET,2023,3.383,52770,1780
EMMET,2024,3.342,53060,1780
EMMET,2025,3.991,49370,2000
FAYETTE,2000,3.800,134720,5130
FAYETTE,2001,4.767,138610,6600
FAYETTE,2002,4.842,133680,6480
FAYETTE,2003,5.083,131750,6680
FAYETTE,2004,5.250,132330,6960
FAYETTE,2005,5.050,133240,6760
FAYETTE,2006,4.517,133080,6030
FAYETTE,2007,4.392,131510,5810
FAYETTE,2008,5.233,131910,6930
FAYETTE,2009,8.708,131750,11510
FAYETTE,2010,7.242,132070,9550
FAYETTE,2011,6.267,133160,8360
FAYETTE,2012,5.383,130130,7030
FAYETTE,2013,5.258,128360,6750
FAYETTE,2014,5.025,129800,6540
FAYETTE,2015,4.492,130060,5850
FAYETTE,2016,4.542,124960,5700
FAYETTE,2017,3.692,122050,4530
FAYETTE,2018,3.100,123070,3830
FAYETTE,2019,3.550,124160,4420
FAYETTE,2020,5.517,118630,6550
FAYETTE,2021,4.417,117670,5220
FAYETTE,2022,3.283,120990,3970
FAYETTE,2023,3.275,120950,3970
FAYETTE,2024,3.292,119790,3950
FAYETTE,2025,3.900,111740,4360
FLOYD,2000,3.733,102190,3820
FLOYD,2001,4.258,103650,4440
FLOYD,2002,4.775,103850,4970
FLOYD,2003,5.000,103260,5140
FLOYD,2004,4.883,105510,5170
FLOYD,2005,5.042,106000,5380
FLOYD,2006,4.683,105860,4950
FLOYD,2007,4.475,105100,4720
FLOYD,2008,5.767,103930,5990
FLOYD,2009,8.867,102850,9120
FLOYD,2010,7.358,102550,7550
FLOYD,2011,6.525,100030,6550
FLOYD,2012,6.208,97960,6100
FLOYD,2013,5.508,99570,5490
FLOYD,2014,4.558,101140,4590
FLOYD,2015,3.758,104650,3920
FLOYD,2016,3.825,98130,3760
FLOYD,2017,3.375,99190,3330
FLOYD,2018,2.875,100320,2910
FLOYD,2019,3.617,100630,3650
FLOYD,2020,6.225,92300,5760
FLOYD,2021,4.175,92280,3860
FLOYD,2022,3.150,93140,2960
FLOYD,2023,3.458,94070,3250
FLOYD,2024,3.450,93940,3250
FLOYD,2025,3.991,87870,3510
FRANKLIN,2000,2.750,68460,1890
FRANKLIN,2001,3.375,71420,2410
FRANKLIN,2002,4.233,67850,2890
FRANKLIN,2003,4.500,64960,2940
FRANKLIN,2004,4.667,66150,3100
FRANKLIN,2005,4.742,68770,3260
FRANKLIN,2006,3.833,70270,2700
FRANKLIN,2007,3.525,71920,2530
FRANKLIN,2008,4.358,70580,3090
FRANKLIN,2009,7.483,70570,5280
FRANKLIN,2010,6.325,72230,4570
FRANKLIN,2011,5.167,72000,3700
FRANKLIN,2012,4.442,70080,3130
FRANKLIN,2013,4.450,71170,3150
FRANKLIN,2014,3.992,71870,2860
FRANKLIN,2015,3.342,71680,2400
FRANKLIN,2016,3.992,61710,2480
FRANKLIN,2017,3.108,59870,1860
FRANKLIN,2018,2.483,60010,1480
FRANKLIN,2019,2.633,59350,1570
FRANKLIN,2020,4.250,57420,2450
FRANKLIN,2021,3.875,57950,2240
FRANKLIN,2022,2.992,57560,1720
FRANKLIN,2023,3.158,58440,1840
FRANKLIN,2024,3.142,58360,1820
FRANKLIN,2025,3.509,54020,1910
FREMONT,2000,2.408,50870,1200
FREMONT,2001,2.667,55940,1500
FREMONT,2002,2.725,55060,1500
FREMONT,2003,3.350,51820,1750
FREMONT,2004,4.008,47240,1900
FREMONT,2005,4.017,47470,1920
FREMONT,2006,3.767,47660,1790
FREMONT,2007,4.042,47740,1950
FREMONT,2008,4.433,47210,2080
FREMONT,2009,6.950,45560,3170
FREMONT,2010,5.975,47700,2860
FREMONT,2011,5.858,47860,2800
FREMONT,2012,5.083,48350,2470
FREMONT,2013,4.200,49660,2070
FREMONT,2014,3.883,50140,1970
FREMONT,2015,3.283,49900,1630
FREMONT,2016,3.592,44820,1600
FREMONT,2017,2.842,42460,1220
FREMONT,2018,2.125,41380,890
FREMONT,2019,2.925,41420,1230
FREMONT,2020,3.475,40560,1400
FREMONT,2021,2.992,41020,1230
FREMONT,2022,2.742,40650,1100
FREMONT,2023,2.533,40470,1040
FREMONT,2024,3.267,40690,1330
FREMONT,2025,3.655,37510,1380
GREENE,2000,3.300,59960,1980
GREENE,2001,3.817,59920,2290
GREENE,2002,3.783,59940,2290
GREENE,2003,3.875,60090,2330
GREENE,2004,4.208,60710,2550
GREENE,2005,4.625,60800,2810
GREENE,2006,3.892,60880,2370
GREENE,2007,3.550,60190,2140
GREENE,2008,3.842,61310,2350
GREENE,2009,5.958,61450,3660
GREENE,2010,5.967,62370,3730
GREENE,2011,5.642,62590,3540
GREENE,2012,4.942,61700,3040
GREENE,2013,4.692,61680,2880
GREENE,2014,4.058,63420,2590
GREENE,2015,3.483,66990,2350
GREENE,2016,3.525,60040,2110
GREENE,2017,3.108,57330,1790
GREENE,2018,2.642,57090,1510
GREENE,2019,2.650,57360,1530
GREENE,2020,4.783,55580,2640
GREENE,2021,3.583,55730,1990
GREENE,2022,2.408,55890,1340
GREENE,2023,2.500,54890,1390
GREENE,2024,2.650,54480,1460
GREENE,2025,3.491,50680,1770
GRUNDY,2000,2.292,78400,1700
GRUNDY,2001,2.708,78900,2300
GRUNDY,2002,3.225,82100,2400
GRUNDY,2003,3.808,82100,3100
GRUNDY,2004,3.558,81800,2900
GRUNDY,2005,3.783,82700,3200
GRUNDY,2006,3.050,83100,2600
GRUNDY,2007,3.200,82200,2500
GRUNDY,2008,3.525,83000,2900
GRUNDY,2009,5.883,83600,4900
GRUNDY,2010,5.750,80900,4900
GRUNDY,2011,5.017,80800,3900
GRUNDY,2012,4.533,80300,3800
GRUNDY,2013,4.350,79500,3500
GRUNDY,2014,4.200,80900,3400
GRUNDY,2015,3.758,80800,2900
GRUNDY,2016,3.283,83600,2800
GRUNDY,2017,2.742,82200,2400
GRUNDY,2018,2.400,82700,2100
GRUNDY,2019,2.517,83900,2100
GRUNDY,2020,4.075,79300,3200
GRUNDY,2021,3.158,80100,2600
GRUNDY,2022,2.425,80700,2100
GRUNDY,2023,2.558,81000,2200
GRUNDY,2024,2.883,80800,2300
GRUNDY,2025,3.273,74700,2400
GUTHRIE,2000,2.642,72900,1800
GUTHRIE,2001,3.042,72500,2000
GUTHRIE,2002,3.508,73800,2700
GUTHRIE,2003,4.033,73100,2900
GUTHRIE,2004,4.192,73100,2900
GUTHRIE,2005,4.208,73500,2900
GUTHRIE,2006,3.683,72700,2700
GUTHRIE,2007,3.817,70500,2600
GUTHRIE,2008,4.300,70000,2900
GUTHRIE,2009,6.358,68900,4300
GUTHRIE,2010,6.542,70000,4800
GUTHRIE,2011,6.183,68600,4000
GUTHRIE,2012,5.600,66900,3800
GUTHRIE,2013,5.142,66600,3500
GUTHRIE,2014,4.408,67500,2700
GUTHRIE,2015,3.733,67600,2700
GUTHRIE,2016,3.417,69800,2600
GUTHRIE,2017,3.033,68700,2000
GUTHRIE,2018,2.525,69100,1500
GUTHRIE,2019,2.792,69800,1700
GUTHRIE,2020,4.700,66100,3100
GUTHRIE,2021,3.733,66700,2600
GUTHRIE,2022,2.825,68200,2000
GUTHRIE,2023,2.825,69800,1800
GUTHRIE,2024,2.867,70400,2100
GUTHRIE,2025,3.600,65700,2400
HAMILTON,2000,2.517,107530,2710
HAMILTON,2001,3.125,105290,3300
HAMILTON,2002,3.350,105180,3510
HAMILTON,2003,4.300,103630,4480
HAMILTON,2004,4.192,104010,4350
HAMILTON,2005,3.917,104260,4080
HAMILTON,2006,3.567,105930,3770
HAMILTON,2007,3.192,104250,3340
HAMILTON,2008,3.758,103560,3930
HAMILTON,2009,7.725,99150,7670
HAMILTON,2010,7.358,96920,7160
HAMILTON,2011,8.900,90130,8030
HAMILTON,2012,6.867,84980,5850
HAMILTON,2013,5.442,84710,4630
HAMILTON,2014,4.558,85360,3870
HAMILTON,2015,4.217,86950,3680
HAMILTON,2016,3.350,97950,3300
HAMILTON,2017,2.892,95900,2760
HAMILTON,2018,2.450,94550,2330
HAMILTON,2019,2.458,94470,2330
HAMILTON,2020,3.933,90920,3580
HAMILTON,2021,3.500,91270,3190
HAMILTON,2022,2.558,92870,2390
HAMILTON,2023,2.425,93220,2260
HAMILTON,2024,2.375,93100,2220
HAMILTON,2025,2.836,87100,2470
HANCOCK,2000,2.200,75950,1680
HANCOCK,2001,2.583,76260,2000
HANCOCK,2002,2.875,76360,2210
HANCOCK,2003,3.642,75400,2740
HANCOCK,2004,3.467,76800,2640
HANCOCK,2005,4.550,76130,3490
HANCOCK,2006,3.600,73730,2650
HANCOCK,2007,3.783,72840,2760
HANCOCK,2008,6.325,71780,4540
HANCOCK,2009,10.092,67840,6870
HANCOCK,2010,6.725,72780,4880
HANCOCK,2011,5.633,71610,4050
HANCOCK,2012,4.542,72110,3280
HANCOCK,2013,3.983,74720,2990
HANCOCK,2014,3.308,75720,2520
HANCOCK,2015,2.692,76600,2090
HANCOCK,2016,2.642,77780,2080
HANCOCK,2017,2.558,74390,1900
HANCOCK,2018,2.350,72840,1710
HANCOCK,2019,2.342,72220,1690
HANCOCK,2020,4.442,69310,3100
HANCOCK,2021,3.433,69080,2370
HANCOCK,2022,2.317,69010,1600
HANCOCK,2023,2.683,68050,1810
HANCOCK,2024,2.342,68090,1590
HANCOCK,2025,3.236,62100,2010
HARDIN,2000,3.067,114200,3530
HARDIN,2001,3.533,118460,4200
HARDIN,2002,4.233,115540,4890
HARDIN,2003,5.125,109920,5650
HARDIN,2004,5.308,108040,5710
HARDIN,2005,4.783,107570,5130
HARDIN,2006,3.742,110070,4100
HARDIN,2007,3.800,109220,4170
HARDIN,2008,4.217,111860,4720
HARDIN,2009,6.658,112450,7500
HARDIN,2010,6.592,109480,7220
HARDIN,2011,5.933,108370,6430
HARDIN,2012,5.333,105610,5640
HARDIN,2013,5.108,104660,5340
HARDIN,2014,4.350,104760,4540
HARDIN,2015,3.933,106030,4170
HARDIN,2016,3.558,114850,4080
HARDIN,2017,2.942,112740,3300
HARDIN,2018,2.667,110450,2950
HARDIN,2019,2.842,108620,3090
HARDIN,2020,4.208,102530,4300
HARDIN,2021,3.500,102890,3610
HARDIN,2022,2.817,102950,2900
HARDIN,2023,2.825,103640,2930
HARDIN,2024,2.758,103200,2850
HARDIN,2025,3.245,95940,3130
HARRISON,2000,2.683,97100,2800
HARRISON,2001,3.633,97000,3700
HARRISON,2002,3.692,98300,3800
HARRISON,2003,4.617,98200,4700
HARRISON,2004,5.008,96600,4700
HARRISON,2005,4.708,97300,4800
HARRISON,2006,4.267,97000,4100
HARRISON,2007,4.175,94000,3900
HARRISON,2008,4.117,93500,3900
HARRISON,2009,5.017,92400,4700
HARRISON,2010,5.650,96100,5300
HARRISON,2011,5.600,94300,5500
HARRISON,2012,5.033,90800,4600
HARRISON,2013,4.500,90400,3900
HARRISON,2014,4.042,90800,3800
HARRISON,2015,3.367,90500,2900
HARRISON,2016,3.175,94800,3000
HARRISON,2017,2.608,93800,2500
HARRISON,2018,2.158,93600,2000
HARRISON,2019,2.275,94700,2100
HARRISON,2020,3.858,89600,3300
HARRISON,2021,3.417,91000,3200
HARRISON,2022,2.700,91800,2400
HARRISON,2023,2.575,92400,2400
HARRISON,2024,2.492,92900,2300
HARRISON,2025,2.891,86800,2300
HENRY,2000,2.975,126950,3780
HENRY,2001,4.000,125310,5000
HENRY,2002,5.150,124610,6430
HENRY,2003,6.600,122330,8080
HENRY,2004,5.958,124170,7410
HENRY,2005,4.983,126160,6310
HENRY,2006,5.250,127510,6680
HENRY,2007,4.708,124410,5860
HENRY,2008,5.275,122630,6490
HENRY,2009,9.417,118360,11170
HENRY,2010,8.400,119420,10050
HENRY,2011,6.842,118540,8130
HENRY,2012,5.900,116020,6870
HENRY,2013,5.283,114910,6080
HENRY,2014,4.400,114790,5080
HENRY,2015,3.883,115450,4500
HENRY,2016,3.542,117420,4160
HENRY,2017,2.958,118600,3510
HENRY,2018,2.492,119530,2990
HENRY,2019,2.567,120970,3100
HENRY,2020,5.125,115030,5910
HENRY,2021,3.842,115580,4440
HENRY,2022,2.942,116570,3440
HENRY,2023,3.267,108270,3520
HENRY,2024,2.942,101470,2990
HENRY,2025,3.700,93190,3440
HOWARD,2000,3.183,61600,1970
HOWARD,2001,3.308,63510,2100
HOWARD,2002,4.133,62800,2580
HOWARD,2003,4.383,60760,2650
HOWARD,2004,4.550,62240,2850
HOWARD,2005,4.458,62500,2760
HOWARD,2006,3.583,64020,2280
HOWARD,2007,3.642,63250,2300
HOWARD,2008,4.633,62950,2930
HOWARD,2009,8.875,61200,5460
HOWARD,2010,6.417,64050,4110
HOWARD,2011,5.417,64180,3480
HOWARD,2012,4.583,62700,2890
HOWARD,2013,4.608,62930,2900
HOWARD,2014,4.058,63920,2610
HOWARD,2015,3.575,64670,2300
HOWARD,2016,3.592,63780,2300
HOWARD,2017,3.008,61200,1830
HOWARD,2018,2.633,62410,1630
HOWARD,2019,2.742,62430,1720
HOWARD,2020,4.408,60340,2670
HOWARD,2021,3.575,60950,2210
HOWARD,2022,3.267,62220,2030
HOWARD,2023,3.242,62770,2050
HOWARD,2024,3.217,63690,2040
HOWARD,2025,3.273,59220,1930
HUMBOLDT,2000,2.600,63370,1660
HUMBOLDT,2001,3.325,64210,2160
HUMBOLDT,2002,3.575,63700,2290
HUMBOLDT,2003,4.200,62530,2620
HUMBOLDT,2004,4.075,61930,2530
HUMBOLDT,2005,3.733,62430,2320
HUMBOLDT,2006,3.267,62390,2040
HUMBOLDT,2007,3.108,62720,1950
HUMBOLDT,2008,3.617,62370,2250
HUMBOLDT,2009,6.000,61830,3730
HUMBOLDT,2010,5.233,62660,3300
HUMBOLDT,2011,5.083,62360,3180
HUMBOLDT,2012,4.208,62180,2620
HUMBOLDT,2013,4.075,62770,2570
HUMBOLDT,2014,3.808,63270,2420
HUMBOLDT,2015,3.317,64260,2130
HUMBOLDT,2016,3.000,62370,1880
HUMBOLDT,2017,3.108,60820,1900
HUMBOLDT,2018,2.633,60250,1610
HUMBOLDT,2019,2.667,59530,1590
HUMBOLDT,2020,4.275,56740,2420
HUMBOLDT,2021,3.308,57000,1900
HUMBOLDT,2022,2.617,56400,1490
HUMBOLDT,2023,2.725,57420,1570
HUMBOLDT,2024,2.733,58580,1600
HUMBOLDT,2025,3.218,54890,1790
IDA,2000,2.192,47940,1030
IDA,2001,2.692,49360,1340
IDA,2002,3.300,47960,1590
IDA,2003,3.842,46490,1790
IDA,2004,4.175,46850,1960
IDA,2005,4.008,47190,1910
IDA,2006,3.392,47740,1630
IDA,2007,3.350,48680,1630
IDA,2008,3.817,50710,1920
IDA,2009,5.492,47820,2630
IDA,2010,5.167,46120,2370
IDA,2011,4.892,45750,2250
IDA,2012,4.017,45500,1840
IDA,2013,3.992,45880,1850
IDA,2014,3.608,46780,1680
IDA,2015,3.100,47650,1490
IDA,2016,2.808,44510,1250
IDA,2017,2.558,44390,1140
IDA,2018,2.200,45200,1010
IDA,2019,2.125,45660,1000
IDA,2020,3.900,43420,1710
IDA,2021,3.192,43360,1390
IDA,2022,2.525,43270,1090
IDA,2023,2.300,42700,1000
IDA,2024,2.575,42340,1110
IDA,2025,3.218,39420,1280
IOWA,2000,2.117,106270,2260
IOWA,2001,2.433,107180,2590
IOWA,2002,3.425,107220,3680
IOWA,2003,3.733,103810,3870
IOWA,2004,4.183,104960,4380
IOWA,2005,4.450,106060,4700
IOWA,2006,3.658,106320,3880
IOWA,2007,3.717,103870,3830
IOWA,2008,4.133,104510,4300
IOWA,2009,7.208,103130,7460
IOWA,2010,5.575,115800,6450
IOWA,2011,5.042,115860,5850
IOWA,2012,4.500,115710,5190
IOWA,2013,4.150,119470,4960
IOWA,2014,4.200,122740,5140
IOWA,2015,3.483,124910,4360
IOWA,2016,3.483,111420,3900
IOWA,2017,2.925,110250,3220
IOWA,2018,2.367,110740,2620
IOWA,2019,2.425,112320,2740
IOWA,2020,4.817,106090,5090
IOWA,2021,3.875,105240,4110
IOWA,2022,2.900,104010,3030
IOWA,2023,3.192,104830,3350
IOWA,2024,3.183,105210,3350
IOWA,2025,3.836,97940,3790
JACKSON,2000,3.633,133950,4880
JACKSON,2001,4.742,136050,6450
JACKSON,2002,5.242,138880,7280
JACKSON,2003,6.050,134770,8180
JACKSON,2004,5.558,133690,7430
JACKSON,2005,5.342,134490,7170
JACKSON,2006,4.775,135390,6460
JACKSON,2007,4.675,134780,6320
JACKSON,2008,5.092,136430,6950
JACKSON,2009,8.450,134870,11430
JACKSON,2010,7.325,133270,9760
JACKSON,2011,6.583,132610,8750
JACKSON,2012,5.442,130440,7110
JACKSON,2013,5.392,130490,7020
JACKSON,2014,5.083,132520,6730
JACKSON,2015,4.183,134290,5600
JACKSON,2016,4.358,127930,5550
JACKSON,2017,3.508,125620,4410
JACKSON,2018,2.942,126690,3730
JACKSON,2019,3.192,127650,4080
JACKSON,2020,6.283,121300,7620
JACKSON,2021,4.767,121450,5790
JACKSON,2022,3.442,122090,4190
JACKSON,2023,3.567,122000,4350
JACKSON,2024,3.717,121010,4510
JACKSON,2025,4.191,112130,4700
JASPER,2000,2.483,238200,5900
JASPER,2001,3.142,242800,7600
JASPER,2002,4.150,246000,10200
JASPER,2003,5.100,236800,12100
JASPER,2004,5.700,231500,13200
JASPER,2005,5.908,224300,13200
JASPER,2006,5.108,220100,11300
JASPER,2007,6.358,216200,13700
JASPER,2008,7.533,213900,16300
JASPER,2009,8.683,214100,18600
JASPER,2010,7.442,228200,16900
JASPER,2011,6.783,224400,15200
JASPER,2012,5.925,223600,13300
JASPER,2013,5.075,229400,11600
JASPER,2014,4.433,232500,10400
JASPER,2015,3.858,229700,8800
JASPER,2016,3.642,228300,8400
JASPER,2017,3.225,227700,7300
JASPER,2018,2.783,229500,6300
JASPER,2019,2.975,232600,7100
JASPER,2020,5.475,222000,12300
JASPER,2021,4.100,223800,9100
JASPER,2022,3.042,228000,6900
JASPER,2023,2.925,230900,6800
JASPER,2024,3.025,233600,7100
JASPER,2025,3.673,217200,8000
JEFFERSON,2000,2.883,108620,3110
JEFFERSON,2001,5.042,106080,5340
JEFFERSON,2002,5.692,103100,5870
JEFFERSON,2003,5.458,99670,5460
JEFFERSON,2004,5.158,98540,5090
JEFFERSON,2005,4.683,99650,4660
JEFFERSON,2006,4.200,99950,4210
JEFFERSON,2007,4.142,100970,4170
JEFFERSON,2008,4.392,101820,4480
JEFFERSON,2009,8.717,99280,8660
JEFFERSON,2010,7.200,107410,7760
JEFFERSON,2011,6.058,106340,6440
JEFFERSON,2012,5.225,105630,5550
JEFFERSON,2013,4.942,107410,5310
JEFFERSON,2014,4.375,109190,4780
JEFFERSON,2015,3.833,110050,4220
JEFFERSON,2016,4.325,87430,3800
JEFFERSON,2017,3.583,86650,3100
JEFFERSON,2018,2.675,92700,2470
JEFFERSON,2019,2.758,96200,2650
JEFFERSON,2020,6.475,93020,6020
JEFFERSON,2021,4.408,94250,4130
JEFFERSON,2022,2.775,98070,2710
JEFFERSON,2023,2.950,97280,2880
JEFFERSON,2024,3.300,94960,3110
JEFFERSON,2025,3.436,91320,3120
JOHNSON,2000,1.867,808200,15000
JOHNSON,2001,2.183,826200,18000
JOHNSON,2002,2.717,867800,23800
JOHNSON,2003,3.050,871700,26700
JOHNSON,2004,3.300,874600,29000
JOHNSON,2005,3.167,887400,28200
JOHNSON,2006,2.608,909500,23500
JOHNSON,2007,2.725,935800,25600
JOHNSON,2008,2.967,957400,28400
JOHNSON,2009,4.525,968300,43600
JOHNSON,2010,4.283,949900,40600
JOHNSON,2011,4.083,960700,39200
JOHNSON,2012,3.667,968100,35400
JOHNSON,2013,3.425,995700,33900
JOHNSON,2014,3.108,1010500,31400
JOHNSON,2015,2.642,1009100,26700
JOHNSON,2016,2.583,1025600,26600
JOHNSON,2017,2.450,1034800,25200
JOHNSON,2018,1.958,1039700,20600
JOHNSON,2019,1.975,1056900,20800
JOHNSON,2020,4.775,1013300,48200
JOHNSON,2021,3.425,1017600,34900
JOHNSON,2022,2.367,1040300,24800
JOHNSON,2023,2.408,1046400,25300
JOHNSON,2024,2.350,1053300,24800
JOHNSON,2025,2.836,991200,28000
JONES,2000,2.642,125100,3200
JONES,2001,3.775,125900,4700
JONES,2002,4.675,127400,5900
JONES,2003,5.175,125500,6600
JONES,2004,4.992,124600,6300
JONES,2005,4.800,125300,5900
JONES,2006,3.850,126500,4900
JONES,2007,4.150,125800,5300
JONES,2008,4.400,127400,5700
JONES,2009,7.233,129200,9300
JONES,2010,6.425,133200,8400
JONES,2011,5.850,131400,7700
JONES,2012,5.217,128700,6700
JONES,2013,5.308,129200,6800
JONES,2014,4.933,129800,6500
JONES,2015,4.142,129700,5400
JONES,2016,4.242,129800,5400
JONES,2017,3.592,127900,4600
JONES,2018,3.008,128000,3800
JONES,2019,3.058,129700,4100
JONES,2020,5.567,123000,6800
JONES,2021,4.042,124700,5000
JONES,2022,3.267,127000,4200
JONES,2023,3.442,126700,4200
JONES,2024,3.650,126000,4700
JONES,2025,4.327,116900,5000
KEOKUK,2000,3.217,70000,2250
KEOKUK,2001,4.033,73010,2920
KEOKUK,2002,4.517,73570,3320
KEOKUK,2003,4.542,73210,3340
KEOKUK,2004,4.800,70310,3380
KEOKUK,2005,4.792,69920,3370
KEOKUK,2006,4.042,70040,2830
KEOKUK,2007,4.175,67900,2840
KEOKUK,2008,4.467,68100,3050
KEOKUK,2009,8.075,68520,5550
KEOKUK,2010,6.608,66520,4400
KEOKUK,2011,6.175,66000,4100
KEOKUK,2012,5.458,65390,3570
KEOKUK,2013,5.067,65910,3340
KEOKUK,2014,4.450,66340,2930
KEOKUK,2015,4.225,65240,2770
KEOKUK,2016,4.317,65260,2840
KEOKUK,2017,3.583,63220,2260
KEOKUK,2018,2.967,62590,1860
KEOKUK,2019,3.200,63650,2050
KEOKUK,2020,4.942,61520,3030
KEOKUK,2021,4.100,62020,2550
KEOKUK,2022,3.142,61960,1950
KEOKUK,2023,3.267,63170,2060
KEOKUK,2024,3.158,63420,2000
KEOKUK,2025,3.645,58800,2150
KOSSUTH,2000,2.592,106260,2750
KOSSUTH,2001,2.892,109640,3210
KOSSUTH,2002,3.600,108230,3900
KOSSUTH,2003,4.425,105820,4670
KOSSUTH,2004,4.325,105640,4570
KOSSUTH,2005,4.025,106810,4320
KOSSUTH,2006,3.250,108810,3530
KOSSUTH,2007,3.600,108290,3900
KOSSUTH,2008,3.900,109140,4260
KOSSUTH,2009,5.950,107750,6440
KOSSUTH,2010,5.142,100470,5180
KOSSUTH,2011,4.408,100740,4430
KOSSUTH,2012,3.867,101110,3900
KOSSUTH,2013,3.542,101960,3630
KOSSUTH,2014,3.233,104190,3360
KOSSUTH,2015,2.833,106270,3020
KOSSUTH,2016,2.758,103100,2850
KOSSUTH,2017,2.467,100760,2500
KOSSUTH,2018,2.175,98300,2150
KOSSUTH,2019,2.275,97670,2240
KOSSUTH,2020,4.008,92630,3680
KOSSUTH,2021,3.158,92730,2940
KOSSUTH,2022,2.467,93950,2330
KOSSUTH,2023,2.592,93890,2430
KOSSUTH,2024,2.400,94960,2300
KOSSUTH,2025,2.945,88740,2620
LEE,2000,4.492,224100,10100
LEE,2001,6.483,220620,14320
LEE,2002,7.533,216340,16280
LEE,2003,7.675,210260,16140
LEE,2004,6.992,207640,14530
LEE,2005,6.617,209310,13830
LEE,2006,6.183,210400,13040
LEE,2007,5.750,209080,12040
LEE,2008,6.442,210690,13590
LEE,2009,10.358,209250,21690
LEE,2010,8.975,212750,19090
LEE,2011,8.183,210310,17230
LEE,2012,7.158,210720,15080
LEE,2013,7.117,206100,14690
LEE,2014,5.933,213280,12640
LEE,2015,5.350,219720,11730
LEE,2016,6.033,213230,12890
LEE,2017,5.392,198590,10720
LEE,2018,4.092,195670,8000
LEE,2019,3.825,197140,7540
LEE,2020,6.508,188450,12270
LEE,2021,5.450,184700,10070
LEE,2022,4.633,180080,8360
LEE,2023,4.000,176970,7120
LEE,2024,3.625,175140,6370
LEE,2025,4.109,162680,6690
LINN,2000,2.283,1335600,30500
LINN,2001,3.142,1351400,42500
LINN,2002,4.500,1379300,62100
LINN,2003,4.800,1350300,65000
LINN,2004,4.675,1341600,62700
LINN,2005,4.292,1361700,58800
LINN,2006,3.642,1398300,50800
LINN,2007,3.683,1425100,52600
LINN,2008,3.975,1463300,58400
LINN,2009,6.150,1477800,90700
LINN,2010,6.050,1439900,87100
LINN,2011,5.733,1439700,82700
LINN,2012,5.192,1433500,74400
LINN,2013,5.000,1440100,71900
LINN,2014,4.417,1455200,64100
LINN,2015,3.767,1445900,54400
LINN,2016,3.525,1495400,52900
LINN,2017,3.208,1490300,48000
LINN,2018,2.733,1514600,41300
LINN,2019,2.742,1549400,42100
LINN,2020,6.033,1484500,89300
LINN,2021,4.392,1483400,65200
LINN,2022,3.033,1496900,45300
LINN,2023,3.317,1486300,49200
LINN,2024,3.358,1464200,49000
LINN,2025,3.964,1357400,53700
LOUISA,2000,2.967,75120,2230
LOUISA,2001,3.475,75600,2650
LOUISA,2002,4.633,75800,3520
LOUISA,2003,4.625,75460,3500
LOUISA,2004,4.583,74820,3430
LOUISA,2005,4.433,75280,3340
LOUISA,2006,3.775,77360,2940
LOUISA,2007,3.675,77570,2850
LOUISA,2008,4.717,76940,3660
LOUISA,2009,8.358,71800,6020
LOUISA,2010,7.358,71510,5250
LOUISA,2011,6.167,71230,4400
LOUISA,2012,5.442,69790,3800
LOUISA,2013,5.067,70410,3540
LOUISA,2014,4.517,71380,3230
LOUISA,2015,3.767,72480,2740
LOUISA,2016,4.108,69340,2850
LOUISA,2017,3.433,68790,2370
LOUISA,2018,2.867,68760,1960
LOUISA,2019,3.158,68970,2180
LOUISA,2020,5.150,66620,3390
LOUISA,2021,4.125,66010,2730
LOUISA,2022,3.300,66340,2180
LOUISA,2023,3.233,67290,2180
LOUISA,2024,3.083,66800,2060
LOUISA,2025,3.900,62110,2440
LUCAS,2000,2.808,57010,1620
LUCAS,2001,3.450,58670,2030
LUCAS,2002,4.525,58240,2640
LUCAS,2003,5.242,58150,3050
LUCAS,2004,5.433,58950,3200
LUCAS,2005,5.208,58180,3030
LUCAS,2006,4.117,59490,2450
LUCAS,2007,3.875,57580,2230
LUCAS,2008,4.050,56220,2260
LUCAS,2009,6.467,56260,3650
LUCAS,2010,6.200,50740,3130
LUCAS,2011,5.333,50470,2690
LUCAS,2012,4.733,50430,2390
LUCAS,2013,4.667,51110,2400
LUCAS,2014,3.917,51840,2050
LUCAS,2015,3.492,52940,1850
LUCAS,2016,3.417,49010,1670
LUCAS,2017,3.058,48730,1500
LUCAS,2018,2.200,50360,1100
LUCAS,2019,2.142,52300,1130
LUCAS,2020,3.867,51360,2000
LUCAS,2021,3.100,51220,1590
LUCAS,2022,2.408,51300,1220
LUCAS,2023,2.733,49540,1340
LUCAS,2024,2.908,48750,1430
LUCAS,2025,3.773,45220,1720
LYON,2000,2.008,76460,1550
LYON,2001,2.375,79120,1880
LYON,2002,3.333,77830,2610
LYON,2003,3.542,75530,2680
LYON,2004,3.250,74830,2440
LYON,2005,2.942,77570,2290
LYON,2006,2.300,80220,1840
LYON,2007,2.417,80600,1940
LYON,2008,2.617,82490,2150
LYON,2009,4.333,83030,3590
LYON,2010,3.900,76760,2980
LYON,2011,3.183,81710,2570
LYON,2012,2.925,82430,2430
LYON,2013,2.900,82490,2380
LYON,2014,2.558,84360,2150
LYON,2015,2.000,84970,1730
LYON,2016,2.283,75650,1750
LYON,2017,1.958,74360,1450
LYON,2018,1.783,74680,1330
LYON,2019,1.800,75740,1350
LYON,2020,2.767,72340,2010
LYON,2021,2.425,73930,1790
LYON,2022,2.142,75280,1610
LYON,2023,2.283,76860,1760
LYON,2024,2.300,78100,1790
LYON,2025,2.727,72950,1990
MADISON,2000,3.092,91500,3000
MADISON,2001,3.392,92500,3200
MADISON,2002,4.158,95600,4300
MADISON,2003,4.467,94500,4400
MADISON,2004,4.725,96100,4500
MADISON,2005,4.583,97900,4500
MADISON,2006,3.942,101000,4200
MADISON,2007,4.133,99800,4200
MADISON,2008,4.725,100400,4700
MADISON,2009,6.808,99300,6800
MADISON,2010,6.500,101300,6600
MADISON,2011,6.017,99800,6200
MADISON,2012,5.550,98100,5400
MADISON,2013,5.067,97400,4900
MADISON,2014,4.558,99000,4500
MADISON,2015,3.892,99100,3900
MADISON,2016,3.308,108000,3700
MADISON,2017,3.350,108700,3600
MADISON,2018,3.042,109900,3400
MADISON,2019,3.325,112200,3800
MADISON,2020,5.267,108300,5700
MADISON,2021,3.883,109900,4200
MADISON,2022,3.008,113300,3500
MADISON,2023,3.017,114600,3400
MADISON,2024,2.917,116100,3400
MADISON,2025,3.391,107400,3800
MAHASKA,2000,2.375,138600,3310
MAHASKA,2001,3.492,141490,4940
MAHASKA,2002,4.475,139140,6250
MAHASKA,2003,4.842,135990,6590
MAHASKA,2004,4.417,138420,6120
MAHASKA,2005,4.325,140070,6050
MAHASKA,2006,3.642,142290,5200
MAHASKA,2007,3.625,141680,5150
MAHASKA,2008,4.475,142640,6390
MAHASKA,2009,8.367,142230,11940
MAHASKA,2010,6.850,142920,9800
MAHASKA,2011,5.892,142720,8400
MAHASKA,2012,5.150,140330,7240
MAHASKA,2013,4.833,140210,6760
MAHASKA,2014,4.408,142650,6270
MAHASKA,2015,3.933,142370,5600
MAHASKA,2016,3.683,145860,5370
MAHASKA,2017,3.200,142890,4600
MAHASKA,2018,2.542,143650,3650
MAHASKA,2019,2.475,145970,3630
MAHASKA,2020,4.750,142910,6740
MAHASKA,2021,3.367,144610,4870
MAHASKA,2022,2.500,148210,3720
MAHASKA,2023,2.508,147670,3660
MAHASKA,2024,2.400,147400,3570
MAHASKA,2025,2.964,138480,4090
MARION,2000,2.250,211730,4750
MARION,2001,3.325,212920,7100
MARION,2002,4.367,210290,9160
MARION,2003,4.558,204220,9330
MARION,2004,4.258,205410,8750
MARION,2005,3.975,211630,8450
MARION,2006,3.450,215250,7470
MARION,2007,3.592,214840,7720
MARION,2008,3.942,214970,8480
MARION,2009,6.742,209810,14190
MARION,2010,6.000,210950,12650
MARION,2011,5.475,206950,11350
MARION,2012,4.783,205760,9830
MARION,2013,4.433,208410,9270
MARION,2014,3.817,209690,8040
MARION,2015,3.250,209710,6820
MARION,2016,3.100,203170,6300
MARION,2017,2.692,201740,5420
MARION,2018,2.158,208370,4470
MARION,2019,2.142,214660,4580
MARION,2020,4.250,207030,8780
MARION,2021,2.967,214210,6330
MARION,2022,2.225,220470,4890
MARION,2023,2.283,224260,5140
MARION,2024,2.367,226400,5380
MARION,2025,2.809,211980,5970
MARSHALL,2000,2.742,247570,6790
MARSHALL,2001,3.192,250740,8060
MARSHALL,2002,4.100,250210,10240
MARSHALL,2003,5.300,248180,13180
MARSHALL,2004,5.142,246090,12670
MARSHALL,2005,4.825,246300,11860
MARSHALL,2006,3.708,250410,9270
MARSHALL,2007,4.050,246890,10010
MARSHALL,2008,5.058,247440,12510
MARSHALL,2009,7.417,247440,18350
MARSHALL,2010,6.925,241640,16730
MARSHALL,2011,6.625,241780,16040
MARSHALL,2012,6.383,238720,15260
MARSHALL,2013,6.008,238230,14310
MARSHALL,2014,5.408,238530,12910
MARSHALL,2015,5.042,233770,11800
MARSHALL,2016,4.350,257340,11210
MARSHALL,2017,4.058,244520,9960
MARSHALL,2018,4.025,243060,9830
MARSHALL,2019,3.917,242410,9520
MARSHALL,2020,6.233,232890,14510
MARSHALL,2021,5.275,230680,12210
MARSHALL,2022,4.825,231030,11220
MARSHALL,2023,5.667,231720,13210
MARSHALL,2024,5.733,233980,13440
MARSHALL,2025,6.500,221110,14380
MILLS,2000,2.008,94900,1900
MILLS,2001,2.867,94700,2500
MILLS,2002,2.742,97600,2600
MILLS,2003,3.808,97800,3600
MILLS,2004,4.158,96300,4200
MILLS,2005,4.100,98500,3900
MILLS,2006,3.758,101200,3900
MILLS,2007,3.692,97400,3700
MILLS,2008,3.608,98000,3500
MILLS,2009,4.658,95500,4300
MILLS,2010,5.300,91300,5000
MILLS,2011,5.008,89800,4400
MILLS,2012,4.575,87600,3900
MILLS,2013,4.392,88200,3800
MILLS,2014,4.400,88900,4000
MILLS,2015,4.058,89100,3500
MILLS,2016,3.533,90000,3200
MILLS,2017,2.692,88400,2500
MILLS,2018,2.142,88500,1800
MILLS,2019,2.283,89600,2100
MILLS,2020,3.900,82600,3200
MILLS,2021,3.150,83600,2700
MILLS,2022,2.383,84700,2200
MILLS,2023,2.667,85800,2300
MILLS,2024,3.208,86800,2800
MILLS,2025,3.764,81100,3000
MITCHELL,2000,2.758,65590,1820
MITCHELL,2001,2.942,68130,2000
MITCHELL,2002,3.592,65540,2360
MITCHELL,2003,3.700,64490,2390
MITCHELL,2004,3.858,64120,2470
MITCHELL,2005,4.292,64300,2750
MITCHELL,2006,3.400,65540,2220
MITCHELL,2007,3.342,67190,2240
MITCHELL,2008,3.992,69550,2790
MITCHELL,2009,5.958,70010,4180
MITCHELL,2010,5.225,68730,3600
MITCHELL,2011,4.775,68150,3290
MITCHELL,2012,4.533,66940,3050
MITCHELL,2013,4.292,66290,2870
MITCHELL,2014,3.592,65670,2370
MITCHELL,2015,2.800,67310,1880
MITCHELL,2016,2.675,68800,1850
MITCHELL,2017,2.183,67300,1470
MITCHELL,2018,1.908,69220,1310
MITCHELL,2019,1.750,78920,1380
MITCHELL,2020,3.450,69870,2420
MITCHELL,2021,2.850,67230,1920
MITCHELL,2022,2.183,67530,1490
MITCHELL,2023,2.292,67360,1550
MITCHELL,2024,2.367,66530,1570
MITCHELL,2025,2.909,60910,1780
MONONA,2000,3.133,59930,1880
MONONA,2001,3.658,61280,2240
MONONA,2002,4.300,60250,2600
MONONA,2003,5.158,58600,3040
MONONA,2004,5.692,57860,3280
MONONA,2005,5.758,56680,3260
MONONA,2006,5.408,56110,3060
MONONA,2007,5.483,55280,3030
MONONA,2008,5.308,55680,2940
MONONA,2009,7.583,54800,4180
MONONA,2010,7.292,58590,4280
MONONA,2011,6.992,57590,4040
MONONA,2012,6.333,54670,3480
MONONA,2013,5.717,55640,3200
MONONA,2014,5.017,57200,2860
MONONA,2015,4.350,57280,2490
MONONA,2016,3.958,58830,2330
MONONA,2017,3.550,56100,2000
MONONA,2018,2.742,55350,1520
MONONA,2019,2.850,55320,1560
MONONA,2020,4.658,53600,2490
MONONA,2021,3.983,54090,2170
MONONA,2022,2.908,54130,1600
MONONA,2023,2.683,53880,1440
MONONA,2024,2.725,53580,1450
MONONA,2025,3.164,49420,1580
MONROE,2000,3.092,46900,1460
MONROE,2001,4.367,46060,2030
MONROE,2002,4.950,44750,2220
MONROE,2003,5.633,41940,2380
MONROE,2004,5.233,44930,2370
MONROE,2005,5.083,46590,2370
MONROE,2006,3.958,50690,2030
MONROE,2007,4.125,50340,2100
MONROE,2008,4.400,50890,2250
MONROE,2009,7.683,52050,4010
MONROE,2010,7.317,49130,3590
MONROE,2011,6.758,48650,3300
MONROE,2012,5.758,47990,2770
MONROE,2013,5.717,48450,2780
MONROE,2014,5.083,49030,2500
MONROE,2015,4.417,48580,2150
MONROE,2016,4.808,43670,2110
MONROE,2017,3.925,43040,1690
MONROE,2018,3.100,43470,1360
MONROE,2019,3.067,45140,1370
MONROE,2020,5.250,43650,2320
MONROE,2021,3.925,43650,1720
MONROE,2022,2.950,44960,1320
MONROE,2023,2.833,46180,1330
MONROE,2024,3.125,45660,1430
MONROE,2025,4.045,43170,1750
MONTGOMERY,2000,3.275,72180,2380
MONTGOMERY,2001,4.658,73160,3430
MONTGOMERY,2002,5.392,69440,3750
MONTGOMERY,2003,4.958,68360,3410
MONTGOMERY,2004,4.183,67710,2830
MONTGOMERY,2005,4.392,70390,3090
MONTGOMERY,2006,5.542,70250,3900
MONTGOMERY,2007,6.233,67000,4180
MONTGOMERY,2008,5.625,65290,3680
MONTGOMERY,2009,9.042,63260,5740
MONTGOMERY,2010,8.167,62950,5140
MONTGOMERY,2011,5.900,60690,3590
MONTGOMERY,2012,5.067,60660,3060
MONTGOMERY,2013,4.892,61640,3030
MONTGOMERY,2014,4.142,62080,2570
MONTGOMERY,2015,3.533,62200,2210
MONTGOMERY,2016,3.308,64980,2180
MONTGOMERY,2017,2.958,62780,1840
MONTGOMERY,2018,2.342,62920,1500
MONTGOMERY,2019,2.425,64050,1560
MONTGOMERY,2020,4.400,61300,2710
MONTGOMERY,2021,3.650,61770,2270
MONTGOMERY,2022,2.400,63530,1520
MONTGOMERY,2023,2.500,63090,1590
MONTGOMERY,2024,2.358,63230,1520
MONTGOMERY,2025,2.927,59330,1720
MUSCATINE,2000,2.725,267690,7310
MUSCATINE,2001,3.558,270240,9660
MUSCATINE,2002,4.083,269960,11040
MUSCATINE,2003,4.267,269440,11470
MUSCATINE,2004,4.150,272590,11320
MUSCATINE,2005,3.917,281180,10990
MUSCATINE,2006,3.200,289330,9240
MUSCATINE,2007,3.375,289430,9830
MUSCATINE,2008,4.317,288910,12470
MUSCATINE,2009,8.792,286530,25240
MUSCATINE,2010,8.108,261670,21240
MUSCATINE,2011,6.642,258290,17210
MUSCATINE,2012,5.717,256100,14610
MUSCATINE,2013,5.200,261080,13610
MUSCATINE,2014,4.558,265980,12120
MUSCATINE,2015,3.825,267210,10280
MUSCATINE,2016,3.733,277560,10370
MUSCATINE,2017,3.233,269870,8670
MUSCATINE,2018,2.667,269340,7180
MUSCATINE,2019,2.758,270820,7470
MUSCATINE,2020,5.708,260250,14880
MUSCATINE,2021,4.225,254790,10790
MUSCATINE,2022,3.008,256130,7730
MUSCATINE,2023,3.108,252830,7850
MUSCATINE,2024,3.450,248430,8580
MUSCATINE,2025,3.918,230090,9010
O'BRIEN,2000,2.292,93350,2140
O'BRIEN,2001,2.592,95350,2490
O'BRIEN,2002,3.175,93140,2960
O'BRIEN,2003,3.833,89970,3480
O'BRIEN,2004,3.750,89120,3350
O'BRIEN,2005,3.825,91390,3480
O'BRIEN,2006,3.017,93010,2830
O'BRIEN,2007,3.033,93380,2820
O'BRIEN,2008,3.292,94170,3080
O'BRIEN,2009,5.350,94620,5070
O'BRIEN,2010,4.725,97620,4600
O'BRIEN,2011,4.233,97730,4130
O'BRIEN,2012,3.775,96950,3680
O'BRIEN,2013,3.625,96780,3510
O'BRIEN,2014,3.292,99050,3260
O'BRIEN,2015,2.808,101430,2860
O'BRIEN,2016,2.975,94900,2830
O'BRIEN,2017,2.600,90890,2360
O'BRIEN,2018,2.175,91890,2000
O'BRIEN,2019,2.275,93710,2140
O'BRIEN,2020,3.583,90670,3240
O'BRIEN,2021,3.017,90860,2720
O'BRIEN,2022,2.392,91510,2190
O'BRIEN,2023,2.592,92390,2390
O'BRIEN,2024,2.325,92850,2170
O'BRIEN,2025,2.736,86150,2370
OSCEOLA,2000,2.467,43390,1070
OSCEOLA,2001,3.133,44360,1410
OSCEOLA,2002,3.083,42670,1320
OSCEOLA,2003,3.758,41880,1560
OSCEOLA,2004,3.775,41410,1570
OSCEOLA,2005,4.008,41360,1650
OSCEOLA,2006,3.433,41130,1410
OSCEOLA,2007,3.342,40390,1350
OSCEOLA,2008,3.758,40980,1540
OSCEOLA,2009,6.242,39880,2500
OSCEOLA,2010,4.983,43990,2200
OSCEOLA,2011,4.517,42550,1920
OSCEOLA,2012,4.117,40820,1690
OSCEOLA,2013,3.842,41020,1570
OSCEOLA,2014,3.342,41620,1390
OSCEOLA,2015,2.833,42650,1220
OSCEOLA,2016,2.750,43760,1210
OSCEOLA,2017,2.133,42760,920
OSCEOLA,2018,2.033,42030,860
OSCEOLA,2019,1.950,42220,830
OSCEOLA,2020,2.933,41230,1230
OSCEOLA,2021,2.308,41550,980
OSCEOLA,2022,1.892,42170,800
OSCEOLA,2023,1.933,42890,830
OSCEOLA,2024,1.950,43210,840
OSCEOLA,2025,2.309,40790,960
PAGE,2000,3.208,100400,3240
PAGE,2001,5.067,92600,4680
PAGE,2002,4.833,90840,4380
PAGE,2003,4.783,90890,4350
PAGE,2004,4.200,93140,3910
PAGE,2005,3.858,97630,3780
PAGE,2006,3.858,100570,3870
PAGE,2007,4.625,101020,4680
PAGE,2008,4.725,98430,4630
PAGE,2009,8.683,94380,8210
PAGE,2010,6.892,85510,5890
PAGE,2011,5.800,82710,4790
PAGE,2012,5.367,80490,4300
PAGE,2013,5.283,78860,4170
PAGE,2014,4.458,79340,3540
PAGE,2015,4.108,79050,3260
PAGE,2016,4.292,92040,3940
PAGE,2017,3.342,90420,3020
PAGE,2018,2.217,91420,2010
PAGE,2019,2.158,91450,1960
PAGE,2020,4.342,87160,3770
PAGE,2021,3.317,89170,2960
PAGE,2022,2.225,91420,2040
PAGE,2023,2.208,92970,2070
PAGE,2024,2.558,92290,2370
PAGE,2025,2.936,87150,2560
PALO ALTO,2000,2.333,62540,1440
PALO ALTO,2001,3.742,64050,2400
PALO ALTO,2002,3.642,61600,2260
PALO ALTO,2003,3.842,60240,2300
PALO ALTO,2004,3.817,60430,2310
PALO ALTO,2005,4.008,61350,2470
PALO ALTO,2006,3.217,64480,2080
PALO ALTO,2007,3.367,65580,2230
PALO ALTO,2008,4.150,65650,2740
PALO ALTO,2009,7.158,63850,4580
PALO ALTO,2010,6.100,58090,3560
PALO ALTO,2011,4.742,57600,2760
PALO ALTO,2012,4.258,57360,2430
PALO ALTO,2013,3.750,57480,2160
PALO ALTO,2014,3.625,58380,2120
PALO ALTO,2015,3.050,58530,1780
PALO ALTO,2016,2.883,66510,1900
PALO ALTO,2017,2.500,65130,1610
PALO ALTO,2018,2.108,64760,1360
PALO ALTO,2019,2.000,63990,1290
PALO ALTO,2020,4.275,59820,2550
PALO ALTO,2021,2.858,59370,1680
PALO ALTO,2022,2.442,59110,1460
PALO ALTO,2023,2.325,59240,1390
PALO ALTO,2024,2.475,59920,1470
PALO ALTO,2025,2.827,55620,1580
PLYMOUTH,2000,2.567,162340,4180
PLYMOUTH,2001,2.892,166550,4830
PLYMOUTH,2002,3.433,165640,5660
PLYMOUTH,2003,3.758,165760,6240
PLYMOUTH,2004,3.858,164340,6340
PLYMOUTH,2005,3.542,169380,5980
PLYMOUTH,2006,3.133,173350,5420
PLYMOUTH,2007,3.058,174080,5320
PLYMOUTH,2008,3.283,173070,5680
PLYMOUTH,2009,4.708,173900,8210
PLYMOUTH,2010,4.525,174610,7920
PLYMOUTH,2011,4.508,171820,7740
PLYMOUTH,2012,4.075,171130,6960
PLYMOUTH,2013,4.000,174350,6970
PLYMOUTH,2014,3.458,176350,6080
PLYMOUTH,2015,2.800,177930,4980
PLYMOUTH,2016,2.792,167360,4640
PLYMOUTH,2017,2.533,166180,4240
PLYMOUTH,2018,2.075,168040,3460
PLYMOUTH,2019,2.308,171270,3960
PLYMOUTH,2020,3.742,165650,6180
PLYMOUTH,2021,2.908,166880,4870
PLYMOUTH,2022,2.292,169480,3890
PLYMOUTH,2023,2.217,170840,3800
PLYMOUTH,2024,2.367,170070,4040
PLYMOUTH,2025,2.673,157620,4240
POCAHONTAS,2000,2.733,50470,1380
POCAHONTAS,2001,3.475,52850,1850
POCAHONTAS,2002,4.475,49850,2240
POCAHONTAS,2003,5.675,46290,2640
POCAHONTAS,2004,5.208,45870,2390
POCAHONTAS,2005,4.200,46450,1970
POCAHONTAS,2006,3.033,49340,1510
POCAHONTAS,2007,3.208,49850,1580
POCAHONTAS,2008,3.117,51190,1590
POCAHONTAS,2009,5.817,49580,2890
POCAHONTAS,2010,5.158,48640,2520
POCAHONTAS,2011,4.425,49220,2180
POCAHONTAS,2012,4.025,50190,2030
POCAHONTAS,2013,3.792,50470,1920
POCAHONTAS,2014,3.525,52040,1830
POCAHONTAS,2015,3.033,51840,1580
POCAHONTAS,2016,3.292,45690,1500
POCAHONTAS,2017,2.717,44400,1210
POCAHONTAS,2018,2.133,46110,980
POCAHONTAS,2019,2.158,47840,1030
POCAHONTAS,2020,3.850,44520,1720
POCAHONTAS,2021,3.200,44560,1440
POCAHONTAS,2022,2.592,44890,1160
POCAHONTAS,2023,2.608,42860,1120
POCAHONTAS,2024,2.842,41680,1200
POCAHONTAS,2025,3.582,38110,1360
POLK,2000,2.342,2583200,60600
POLK,2001,2.917,2622100,76300
POLK,2002,3.683,2703000,99800
POLK,2003,4.108,2674000,110100
POLK,2004,4.458,2694600,120000
POLK,2005,4.042,2741400,110700
POLK,2006,3.400,2813400,95800
POLK,2007,3.508,2865500,100300
POLK,2008,3.983,2908700,115800
POLK,2009,6.200,2926900,181700
POLK,2010,6.033,2936100,177100
POLK,2011,5.733,2930600,167600
POLK,2012,5.158,2943700,151900
POLK,2013,4.817,3013300,144800
POLK,2014,4.258,3074600,130700
POLK,2015,3.658,3075300,112500
POLK,2016,3.408,3145400,107500
POLK,2017,3.008,3164300,95100
POLK,2018,2.583,3220600,83200
POLK,2019,2.750,3295900,90000
POLK,2020,5.900,3182500,187200
POLK,2021,4.100,3224200,132000
POLK,2022,2.808,3294800,92500
POLK,2023,2.850,3364600,96000
POLK,2024,3.058,3399800,104000
POLK,2025,3.791,3163300,119700
POTTAWATTAMIE,2000,2.383,577900,13600
POTTAWATTAMIE,2001,3.117,574100,18000
POTTAWATTAMIE,2002,3.375,590300,20000
POTTAWATTAMIE,2003,4.708,589600,27800
POTTAWATTAMIE,2004,5.000,581000,29000
POTTAWATTAMIE,2005,4.950,585200,28900
POTTAWATTAMIE,2006,4.400,592700,25900
POTTAWATTAMIE,2007,4.267,580300,24700
POTTAWATTAMIE,2008,4.167,586700,24500
POTTAWATTAMIE,2009,5.183,580400,30200
POTTAWATTAMIE,2010,5.842,603500,35400
POTTAWATTAMIE,2011,5.625,597300,33500
POTTAWATTAMIE,2012,5.042,584400,29400
POTTAWATTAMIE,2013,4.558,585300,26800
POTTAWATTAMIE,2014,4.308,591500,25400
POTTAWATTAMIE,2015,3.650,589400,21400
POTTAWATTAMIE,2016,3.400,578200,19700
POTTAWATTAMIE,2017,2.842,569100,16100
POTTAWATTAMIE,2018,2.467,570400,14000
POTTAWATTAMIE,2019,2.492,578200,14400
POTTAWATTAMIE,2020,5.433,556100,30300
POTTAWATTAMIE,2021,4.075,553700,22600
POTTAWATTAMIE,2022,2.975,555300,16500
POTTAWATTAMIE,2023,3.033,558100,17000
POTTAWATTAMIE,2024,3.092,561800,17500
POTTAWATTAMIE,2025,3.955,526100,20900
POWESHIEK,2000,2.692,124530,3370
POWESHIEK,2001,3.242,128340,4160
POWESHIEK,2002,4.083,129490,5290
POWESHIEK,2003,4.650,123410,5750
POWESHIEK,2004,4.708,122770,5770
POWESHIEK,2005,4.625,123520,5720
POWESHIEK,2006,3.808,127850,4870
POWESHIEK,2007,3.925,129640,5100
POWESHIEK,2008,4.492,126560,5680
POWESHIEK,2009,6.933,123590,8540
POWESHIEK,2010,5.875,126720,7420
POWESHIEK,2011,5.642,125380,7050
POWESHIEK,2012,4.858,122490,5930
POWESHIEK,2013,4.650,124460,5760
POWESHIEK,2014,4.292,125160,5360
POWESHIEK,2015,3.625,126420,4550
POWESHIEK,2016,3.483,121580,4200
POWESHIEK,2017,3.183,121770,3850
POWESHIEK,2018,2.408,122810,2960
POWESHIEK,2019,2.617,122310,3190
POWESHIEK,2020,4.858,113600,5510
POWESHIEK,2021,4.108,116480,4790
POWESHIEK,2022,2.883,119050,3420
POWESHIEK,2023,2.942,117950,3430
POWESHIEK,2024,2.700,118650,3220
POWESHIEK,2025,3.555,105600,3720
RINGGOLD,2000,2.983,31070,930
RINGGOLD,2001,3.167,32200,1030
RINGGOLD,2002,3.758,31270,1180
RINGGOLD,2003,4.650,30640,1430
RINGGOLD,2004,5.067,29940,1510
RINGGOLD,2005,4.608,29210,1350
RINGGOLD,2006,4.000,29740,1200
RINGGOLD,2007,4.167,29600,1220
RINGGOLD,2008,4.492,29310,1310
RINGGOLD,2009,5.633,29450,1670
RINGGOLD,2010,4.758,31330,1500
RINGGOLD,2011,4.650,31360,1470
RINGGOLD,2012,4.392,30620,1350
RINGGOLD,2013,4.283,30250,1300
RINGGOLD,2014,3.892,30450,1170
RINGGOLD,2015,3.342,30880,1030
RINGGOLD,2016,3.600,30510,1110
RINGGOLD,2017,3.183,29730,950
RINGGOLD,2018,3.000,29310,880
RINGGOLD,2019,2.942,28580,830
RINGGOLD,2020,4.050,27110,1110
RINGGOLD,2021,3.300,27350,910
RINGGOLD,2022,2.467,27080,670
RINGGOLD,2023,2.300,27230,630
RINGGOLD,2024,2.558,28120,730
RINGGOLD,2025,3.018,25970,790
SAC,2000,2.617,71610,1880
SAC,2001,2.950,73680,2190
SAC,2002,3.467,71580,2490
SAC,2003,4.042,69440,2810
SAC,2004,3.983,70080,2790
SAC,2005,3.950,69230,2750
SAC,2006,3.325,70770,2340
SAC,2007,3.450,69960,2410
SAC,2008,3.667,69800,2550
SAC,2009,5.158,69580,3590
SAC,2010,4.750,68510,3260
SAC,2011,4.475,67740,3020
SAC,2012,4.208,66350,2800
SAC,2013,4.217,66370,2800
SAC,2014,3.942,66820,2640
SAC,2015,3.308,67880,2260
SAC,2016,3.100,63770,1950
SAC,2017,2.892,61920,1810
SAC,2018,2.467,61690,1530
SAC,2019,2.358,61960,1470
SAC,2020,3.575,59610,2140
SAC,2021,3.125,60180,1890
SAC,2022,2.600,60820,1590
SAC,2023,2.492,61340,1530
SAC,2024,3.083,60400,1860
SAC,2025,3.364,55470,1870
SCOTT,2000,3.258,1029800,33400
SCOTT,2001,4.017,1026200,41200
SCOTT,2002,4.658,1046100,48500
SCOTT,2003,4.742,1031800,49100
SCOTT,2004,4.800,1034600,49800
SCOTT,2005,4.483,1059800,47500
SCOTT,2006,3.783,1069700,40700
SCOTT,2007,3.767,1071900,40200
SCOTT,2008,4.158,1092000,45500
SCOTT,2009,7.167,1086700,77900
SCOTT,2010,6.708,1045300,70100
SCOTT,2011,6.192,1050500,65100
SCOTT,2012,5.700,1051900,60000
SCOTT,2013,5.592,1060400,59100
SCOTT,2014,5.200,1068800,55700
SCOTT,2015,4.642,1057400,49100
SCOTT,2016,4.367,1075600,47200
SCOTT,2017,3.533,1073400,38000
SCOTT,2018,2.958,1088600,32000
SCOTT,2019,3.183,1113300,35400
SCOTT,2020,6.558,1062400,69700
SCOTT,2021,4.867,1070700,52100
SCOTT,2022,3.258,1088100,35400
SCOTT,2023,3.342,1089000,36500
SCOTT,2024,3.708,1081200,40300
SCOTT,2025,4.509,1000700,45100
SHELBY,2000,2.367,85110,2020
SHELBY,2001,2.675,88150,2380
SHELBY,2002,3.392,85240,2880
SHELBY,2003,3.667,83560,3070
SHELBY,2004,3.800,82900,3160
SHELBY,2005,3.742,85000,3190
SHELBY,2006,3.150,89220,2820
SHELBY,2007,3.258,90900,2950
SHELBY,2008,3.000,91600,2760
SHELBY,2009,4.067,91160,3690
SHELBY,2010,4.617,79250,3670
SHELBY,2011,4.375,81020,3550
SHELBY,2012,3.742,84310,3140
SHELBY,2013,3.767,83520,3150
SHELBY,2014,3.158,84800,2680
SHELBY,2015,2.833,84450,2410
SHELBY,2016,3.083,80120,2480
SHELBY,2017,2.517,77990,2000
SHELBY,2018,2.200,77650,1710
SHELBY,2019,2.217,77890,1720
SHELBY,2020,3.933,73170,2870
SHELBY,2021,3.200,73430,2340
SHELBY,2022,2.508,74090,1880
SHELBY,2023,2.608,74590,1920
SHELBY,2024,2.550,74700,1900
SHELBY,2025,3.000,69630,2080
SIOUX,2000,1.950,211680,4120
SIOUX,2001,2.383,218070,5190
SIOUX,2002,2.800,215440,6020
SIOUX,2003,3.008,216100,6510
SIOUX,2004,2.967,219650,6510
SIOUX,2005,2.933,226510,6650
SIOUX,2006,2.433,232630,5670
SIOUX,2007,2.550,233250,5940
SIOUX,2008,2.775,238250,6600
SIOUX,2009,4.400,236530,10440
SIOUX,2010,3.967,235730,9340
SIOUX,2011,3.717,235500,8750
SIOUX,2012,3.433,233640,8040
SIOUX,2013,3.467,235480,8130
SIOUX,2014,2.958,242100,7130
SIOUX,2015,2.433,249730,6100
SIOUX,2016,2.333,245610,5720
SIOUX,2017,2.025,241110,4880
SIOUX,2018,1.825,243920,4470
SIOUX,2019,1.842,252310,4660
SIOUX,2020,2.642,249280,6520
SIOUX,2021,2.242,258210,5790
SIOUX,2022,1.942,268940,5210
SIOUX,2023,1.967,268450,5260
SIOUX,2024,2.000,268480,5380
SIOUX,2025,2.391,249480,5980
STORY,2000,1.775,556800,10000
STORY,2001,2.108,556900,11900
STORY,2002,2.567,573100,14700
STORY,2003,2.842,565300,16000
STORY,2004,2.958,560900,16600
STORY,2005,3.067,564100,17000
STORY,2006,2.608,575500,14900
STORY,2007,2.800,579600,16300
STORY,2008,3.117,589500,18400
STORY,2009,4.817,592100,28500
STORY,2010,4.267,639200,27100
STORY,2011,3.992,641600,25600
STORY,2012,3.558,643100,22900
STORY,2013,3.367,658900,21800
STORY,2014,2.908,680800,19700
STORY,2015,2.492,690900,17100
STORY,2016,2.550,638100,16000
STORY,2017,2.150,638700,13600
STORY,2018,1.758,643900,11300
STORY,2019,1.958,651700,12800
STORY,2020,3.883,626400,24100
STORY,2021,2.992,635600,19000
STORY,2022,2.267,651100,14900
STORY,2023,2.308,656200,15200
STORY,2024,2.342,656200,15300
STORY,2025,2.873,614400,17700
TAMA,2000,3.383,111020,3780
TAMA,2001,3.558,113730,4040
TAMA,2002,4.283,110180,4720
TAMA,2003,8.067,108420,8700
TAMA,2004,6.383,114230,7280
TAMA,2005,5.567,107990,6040
TAMA,2006,4.183,107850,4510
TAMA,2007,4.358,108340,4710
TAMA,2008,5.225,107900,5660
TAMA,2009,7.300,107670,7860
TAMA,2010,6.508,112160,7300
TAMA,2011,6.158,110830,6830
TAMA,2012,5.967,109590,6550
TAMA,2013,5.558,109590,6080
TAMA,2014,5.283,111100,5880
TAMA,2015,4.325,116290,5030
TAMA,2016,4.508,108960,4900
TAMA,2017,3.708,106620,3960
TAMA,2018,3.258,105950,3460
TAMA,2019,3.233,106510,3450
TAMA,2020,5.375,101950,5480
TAMA,2021,4.575,100860,4650
TAMA,2022,3.642,101340,3700
TAMA,2023,4.250,101920,4340
TAMA,2024,4.350,101690,4410
TAMA,2025,4.973,94660,4720
TAYLOR,2000,3.242,41910,1360
TAYLOR,2001,4.117,41290,1700
TAYLOR,2002,3.958,40030,1600
TAYLOR,2003,4.417,39620,1770
TAYLOR,2004,4.292,39110,1670
TAYLOR,2005,3.850,40480,1550
TAYLOR,2006,3.867,40890,1580
TAYLOR,2007,4.050,40480,1660
TAYLOR,2008,3.958,40690,1610
TAYLOR,2009,6.942,40510,2820
TAYLOR,2010,5.675,38230,2170
TAYLOR,2011,4.808,38010,1840
TAYLOR,2012,4.083,37910,1550
TAYLOR,2013,3.833,38110,1470
TAYLOR,2014,3.700,39020,1460
TAYLOR,2015,3.142,38960,1230
TAYLOR,2016,2.892,39940,1150
TAYLOR,2017,2.175,39580,880
TAYLOR,2018,1.950,39670,760
TAYLOR,2019,1.817,39180,730
TAYLOR,2020,3.650,37130,1350
TAYLOR,2021,2.833,37540,1080
TAYLOR,2022,2.000,37950,750
TAYLOR,2023,2.117,38790,830
TAYLOR,2024,2.000,39400,790
TAYLOR,2025,2.545,36640,920
UNION,2000,3.350,78960,2670
UNION,2001,3.742,79730,3010
UNION,2002,5.008,77960,3900
UNION,2003,5.600,75420,4250
UNION,2004,5.492,75430,4160
UNION,2005,5.000,76240,3790
UNION,2006,4.033,77920,3160
UNION,2007,4.100,79370,3250
UNION,2008,4.492,81010,3640
UNION,2009,6.675,83160,5540
UNION,2010,5.717,84140,4810
UNION,2011,5.317,83900,4470
UNION,2012,5.042,82650,4160
UNION,2013,4.875,82990,4060
UNION,2014,4.733,81960,3880
UNION,2015,4.158,79110,3320
UNION,2016,3.817,76900,2960
UNION,2017,3.125,75850,2370
UNION,2018,3.608,75370,2730
UNION,2019,3.150,74670,2360
UNION,2020,5.825,72030,4180
UNION,2021,4.100,70780,2920
UNION,2022,2.908,70860,2070
UNION,2023,3.000,69670,2100
UNION,2024,2.967,71870,2140
UNION,2025,3.573,67010,2400
VAN BUREN,2000,3.200,48040,1540
VAN BUREN,2001,4.342,48110,2080
VAN BUREN,2002,5.567,46620,2610
VAN BUREN,2003,5.658,45620,2590
VAN BUREN,2004,5.492,46030,2520
VAN BUREN,2005,5.183,45840,2380
VAN BUREN,2006,4.267,47240,2020
VAN BUREN,2007,4.275,47670,2030
VAN BUREN,2008,4.800,47670,2290
VAN BUREN,2009,8.925,46230,4140
VAN BUREN,2010,7.408,47650,3540
VAN BUREN,2011,6.392,46440,2980
VAN BUREN,2012,5.742,45810,2640
VAN BUREN,2013,5.508,46120,2540
VAN BUREN,2014,4.558,47080,2150
VAN BUREN,2015,4.025,46200,1880
VAN BUREN,2016,4.075,42200,1740
VAN BUREN,2017,3.392,40570,1400
VAN BUREN,2018,3.000,40560,1230
VAN BUREN,2019,2.950,40130,1180
VAN BUREN,2020,5.017,39650,2000
VAN BUREN,2021,3.875,39380,1530
VAN BUREN,2022,3.242,40060,1310
VAN BUREN,2023,3.325,40250,1340
VAN BUREN,2024,2.958,40580,1200
VAN BUREN,2025,3.609,37900,1380
WAPELLO,2000,3.592,214800,7700
WAPELLO,2001,4.625,218680,10100
WAPELLO,2002,5.492,228350,12570
WAPELLO,2003,5.558,232070,12910
WAPELLO,2004,5.558,229640,12760
WAPELLO,2005,5.500,230350,12670
WAPELLO,2006,4.492,226210,10130
WAPELLO,2007,4.358,227380,9910
WAPELLO,2008,4.925,227830,11240
WAPELLO,2009,8.858,226910,20090
WAPELLO,2010,8.000,222060,17800
WAPELLO,2011,7.267,218610,15880
WAPELLO,2012,6.933,215750,14980
WAPELLO,2013,6.317,218220,13800
WAPELLO,2014,5.508,218200,12040
WAPELLO,2015,5.108,216640,11090
WAPELLO,2016,5.850,218410,12820
WAPELLO,2017,4.542,214010,9750
WAPELLO,2018,3.542,214480,7590
WAPELLO,2019,3.600,215800,7810
WAPELLO,2020,5.967,207630,12360
WAPELLO,2021,4.600,202690,9310
WAPELLO,2022,3.367,201990,6790
WAPELLO,2023,3.433,201480,6930
WAPELLO,2024,3.608,205020,7430
WAPELLO,2025,4.318,194360,8400
WARREN,2000,2.142,282800,6100
WARREN,2001,2.600,285400,7500
WARREN,2002,3.175,292400,9400
WARREN,2003,3.625,290900,10500
WARREN,2004,3.917,291200,11600
WARREN,2005,3.700,295800,10800
WARREN,2006,3.200,304500,9600
WARREN,2007,3.275,307300,10100
WARREN,2008,3.733,311000,11500
WARREN,2009,5.950,310800,18600
WARREN,2010,5.692,316000,18000
WARREN,2011,5.250,312800,16500
WARREN,2012,4.758,312100,14800
WARREN,2013,4.492,316800,14100
WARREN,2014,3.975,321900,12900
WARREN,2015,3.392,321300,11100
WARREN,2016,3.225,323600,10300
WARREN,2017,2.758,325700,9000
WARREN,2018,2.342,334100,7800
WARREN,2019,2.500,342000,8700
WARREN,2020,4.508,328900,14900
WARREN,2021,3.433,338100,11500
WARREN,2022,2.567,349600,8800
WARREN,2023,2.633,360400,9500
WARREN,2024,2.708,364100,10100
WARREN,2025,3.255,337800,10800
WASHINGTON,2000,2.200,135800,3000
WASHINGTON,2001,2.783,139400,4000
WASHINGTON,2002,3.300,145800,4700
WASHINGTON,2003,3.725,145600,5300
WASHINGTON,2004,4.442,146300,6600
WASHINGTON,2005,3.775,147300,5500
WASHINGTON,2006,2.967,150000,4500
WASHINGTON,2007,3.442,144000,5000
WASHINGTON,2008,4.008,145200,5700
WASHINGTON,2009,5.633,143100,8200
WASHINGTON,2010,5.167,148800,7700
WASHINGTON,2011,4.742,148500,7000
WASHINGTON,2012,4.200,146600,6000
WASHINGTON,2013,3.775,147600,5600
WASHINGTON,2014,3.608,147900,5300
WASHINGTON,2015,3.100,149000,4600
WASHINGTON,2016,2.850,153100,4600
WASHINGTON,2017,2.833,152300,4400
WASHINGTON,2018,2.333,150300,3500
WASHINGTON,2019,2.325,150900,3500
WASHINGTON,2020,3.892,142000,5500
WASHINGTON,2021,3.400,141700,4900
WASHINGTON,2022,2.633,143200,3800
WASHINGTON,2023,2.517,144200,3600
WASHINGTON,2024,2.400,145800,3500
WASHINGTON,2025,2.782,136600,3900
WAYNE,2000,3.017,38940,1170
WAYNE,2001,3.517,40200,1410
WAYNE,2002,4.192,39730,1670
WAYNE,2003,4.542,38040,1740
WAYNE,2004,4.525,37630,1710
WAYNE,2005,4.642,38060,1780
WAYNE,2006,3.958,38610,1530
WAYNE,2007,4.550,38700,1770
WAYNE,2008,4.125,39200,1630
WAYNE,2009,6.392,38820,2500
WAYNE,2010,6.208,34470,2150
WAYNE,2011,5.592,34060,1900
WAYNE,2012,5.392,33670,1840
WAYNE,2013,5.175,34310,1770
WAYNE,2014,5.042,34560,1750
WAYNE,2015,3.900,34270,1350
WAYNE,2016,3.325,39360,1330
WAYNE,2017,2.692,38320,1050
WAYNE,2018,2.500,38130,970
WAYNE,2019,2.275,38810,890
WAYNE,2020,3.983,37760,1510
WAYNE,2021,2.992,38380,1160
WAYNE,2022,2.342,39390,920
WAYNE,2023,2.542,41060,1050
WAYNE,2024,2.533,41430,1040
WAYNE,2025,3.073,38220,1170
WEBSTER,2000,3.050,239290,7290
WEBSTER,2001,3.650,240900,8820
WEBSTER,2002,4.175,239700,10020
WEBSTER,2003,4.708,235610,11090
WEBSTER,2004,4.775,232970,11120
WEBSTER,2005,4.317,236950,10240
WEBSTER,2006,3.892,238450,9280
WEBSTER,2007,3.983,239170,9520
WEBSTER,2008,4.267,242130,10370
WEBSTER,2009,7.525,237820,17840
WEBSTER,2010,7.025,241550,16980
WEBSTER,2011,7.050,238570,16830
WEBSTER,2012,6.300,232460,14650
WEBSTER,2013,5.333,237780,12650
WEBSTER,2014,4.867,238460,11610
WEBSTER,2015,4.300,244840,10500
WEBSTER,2016,4.258,234460,9960
WEBSTER,2017,3.933,221460,8780
WEBSTER,2018,3.542,219580,7780
WEBSTER,2019,3.233,223000,7210
WEBSTER,2020,5.508,211000,11600
WEBSTER,2021,4.500,210180,9470
WEBSTER,2022,3.300,212020,7000
WEBSTER,2023,3.258,211160,6870
WEBSTER,2024,3.133,211250,6600
WEBSTER,2025,3.691,197340,7260
WINNEBAGO,2000,2.042,77500,1600
WINNEBAGO,2001,2.675,78360,2120
WINNEBAGO,2002,3.125,75770,2370
WINNEBAGO,2003,3.717,72440,2700
WINNEBAGO,2004,3.500,70760,2500
WINNEBAGO,2005,4.550,71590,3300
WINNEBAGO,2006,3.533,69940,2470
WINNEBAGO,2007,3.492,69560,2430
WINNEBAGO,2008,6.283,71450,4520
WINNEBAGO,2009,9.517,69280,6620
WINNEBAGO,2010,6.775,69800,4730
WINNEBAGO,2011,6.092,65670,4020
WINNEBAGO,2012,5.325,61720,3290
WINNEBAGO,2013,4.808,62190,2990
WINNEBAGO,2014,4.225,62840,2640
WINNEBAGO,2015,3.942,62210,2460
WINNEBAGO,2016,2.950,73100,2160
WINNEBAGO,2017,2.733,72110,1970
WINNEBAGO,2018,2.275,70380,1610
WINNEBAGO,2019,2.333,71910,1680
WINNEBAGO,2020,5.325,69450,3750
WINNEBAGO,2021,3.300,68860,2280
WINNEBAGO,2022,2.417,69410,1680
WINNEBAGO,2023,3.233,67870,2220
WINNEBAGO,2024,2.450,67170,1670
WINNEBAGO,2025,3.509,62970,2210
WINNESHIEK,2000,2.533,146190,3720
WINNESHIEK,2001,2.925,150850,4380
WINNESHIEK,2002,3.675,149520,5500
WINNESHIEK,2003,4.233,147530,6260
WINNESHIEK,2004,4.225,149340,6350
WINNESHIEK,2005,4.200,149510,6310
WINNESHIEK,2006,3.558,151030,5400
WINNESHIEK,2007,3.658,149840,5480
WINNESHIEK,2008,4.275,149560,6370
WINNESHIEK,2009,6.308,147170,9320
WINNESHIEK,2010,5.583,147360,8240
WINNESHIEK,2011,5.042,146050,7350
WINNESHIEK,2012,4.592,143330,6580
WINNESHIEK,2013,4.650,143090,6610
WINNESHIEK,2014,4.275,145050,6190
WINNESHIEK,2015,3.642,147090,5370
WINNESHIEK,2016,3.325,151310,5010
WINNESHIEK,2017,2.892,148680,4290
WINNESHIEK,2018,2.567,148970,3810
WINNESHIEK,2019,2.642,151190,3990
WINNESHIEK,2020,4.533,138720,6250
WINNESHIEK,2021,3.575,142330,5080
WINNESHIEK,2022,3.008,143010,4300
WINNESHIEK,2023,3.017,142630,4310
WINNESHIEK,2024,2.883,143170,4120
WINNESHIEK,2025,3.273,134750,4400
WOODBURY,2000,2.600,666200,17300
WOODBURY,2001,3.192,663700,21200
WOODBURY,2002,3.842,669700,25600
WOODBURY,2003,4.625,656300,30200
WOODBURY,2004,4.983,639800,31900
WOODBURY,2005,4.883,641400,31100
WOODBURY,2006,4.225,651800,27700
WOODBURY,2007,3.892,661900,25900
WOODBURY,2008,3.767,675000,25500
WOODBURY,2009,5.767,671700,38600
WOODBURY,2010,6.658,671200,44600
WOODBURY,2011,5.792,658100,37900
WOODBURY,2012,5.208,654400,33900
WOODBURY,2013,4.792,664400,31700
WOODBURY,2014,4.392,673000,29500
WOODBURY,2015,3.750,676100,25300
WOODBURY,2016,3.525,684500,24100
WOODBURY,2017,3.208,662400,21200
WOODBURY,2018,2.567,671200,17200
WOODBURY,2019,2.675,681700,18400
WOODBURY,2020,5.333,653200,34700
WOODBURY,2021,4.000,660700,26300
WOODBURY,2022,2.900,674000,19500
WOODBURY,2023,2.917,677900,19900
WOODBURY,2024,2.992,672900,20200
WOODBURY,2025,3.673,618400,22900
WORTH,2000,2.950,52410,1560
WORTH,2001,3.358,52040,1750
WORTH,2002,4.175,53380,2240
WORTH,2003,4.092,52950,2180
WORTH,2004,4.125,53890,2230
WORTH,2005,4.650,55450,2580
WORTH,2006,3.758,55100,2060
WORTH,2007,3.742,54560,2060
WORTH,2008,5.133,55240,2840
WORTH,2009,7.217,53820,3900
WORTH,2010,7.333,52070,3810
WORTH,2011,6.450,51730,3330
WORTH,2012,5.417,50910,2760
WORTH,2013,5.150,50350,2580
WORTH,2014,4.558,50570,2310
WORTH,2015,3.958,50860,2030
WORTH,2016,3.125,55940,1760
WORTH,2017,2.758,55130,1520
WORTH,2018,2.525,55070,1390
WORTH,2019,2.500,55570,1390
WORTH,2020,4.800,53180,2580
WORTH,2021,3.533,52050,1870
WORTH,2022,2.525,51790,1310
WORTH,2023,2.617,52490,1360
WORTH,2024,2.525,53130,1360
WORTH,2025,3.064,49550,1520
WRIGHT,2000,2.633,91230,2410
WRIGHT,2001,3.358,90970,3050
WRIGHT,2002,4.008,86800,3470
WRIGHT,2003,4.567,83660,3830
WRIGHT,2004,4.575,85230,3900
WRIGHT,2005,4.300,86010,3690
WRIGHT,2006,3.575,86300,3100
WRIGHT,2007,3.933,84470,3340
WRIGHT,2008,4.367,85870,3750
WRIGHT,2009,7.458,84560,6300
WRIGHT,2010,7.242,82210,5970
WRIGHT,2011,6.917,81890,5660
WRIGHT,2012,5.342,81900,4370
WRIGHT,2013,4.492,82370,3690
WRIGHT,2014,4.100,83580,3450
WRIGHT,2015,3.858,83080,3250
WRIGHT,2016,4.425,76360,3380
WRIGHT,2017,3.675,74090,2730
WRIGHT,2018,2.858,73390,2090
WRIGHT,2019,2.725,78980,2170
WRIGHT,2020,4.250,77810,3330
WRIGHT,2021,4.175,74540,3130
WRIGHT,2022,2.875,73150,2120
WRIGHT,2023,2.750,73640,2040
WRIGHT,2024,2.408,74520,1800
WRIGHT,2025,3.036,69690,2120